headline,date,stock,news_date,trading_date,compound,sentiment_label
Tech Stocks And FAANGS Strong Again To Start Day As Market Awaits Fed,2020-06-10 11:33:26-04:00,AAPL,2020-06-10,2020-06-10,0.5574,positive
10 Biggest Price Target Changes For Wednesday,2020-06-10 08:14:08-04:00,AAPL,2020-06-10,2020-06-10,0.0,neutral
"Benzinga Pro's Top 5 Stocks To Watch For Wed., Jun. 10, 2020: AAPL, BAC, NIO, SONO, GLW",2020-06-10 07:53:47-04:00,AAPL,2020-06-10,2020-06-10,0.2023,positive
"Deutsche Bank Maintains Buy on Apple, Raises Price Target to $350",2020-06-10 07:19:25-04:00,AAPL,2020-06-10,2020-06-10,0.0,neutral
"Apple To Let Users Trade In Their Mac Computers For Credit At US, Canada Stores: Report",2020-06-10 06:27:11-04:00,AAPL,2020-06-10,2020-06-10,0.3818,positive
Big Tech Reaches New Record Heights At The Stock Market,2020-06-10 00:52:01-04:00,AAPL,2020-06-10,2020-06-10,0.0516,positive
Why Apple's Stock Is Trading Higher Today,2020-06-09 15:14:07-04:00,AAPL,2020-06-09,2020-06-09,0.0,neutral
Apple Could Announce In-House Chips For Macs At WWDC: Report,2020-06-09 13:58:46-04:00,AAPL,2020-06-09,2020-06-09,0.0,neutral
"Apple shares are trading higher despite market weakness, not currently seeing company-specific news. It was reported the company is expected to begin iPhone 12 production in July.",2020-06-09 12:41:02-04:00,AAPL,2020-06-09,2020-06-09,0.5472,positive
"Sonos Shares Spike To Session High, Now Up 9.5%, As Citron's Andrew Left, Currently Interviewing On FOX Business, Said Co. Could Be Acquired By Apple Or Amazon",2020-06-09 11:11:34-04:00,AAPL,2020-06-09,2020-06-09,0.4404,positive
'Apple is tracking iPhones stolen by looters' -Earlier NY Post Article,2020-06-01 20:00:00-04:00,AAPL,2020-06-01,2020-06-01,-0.4939,negative
MoneyGram Shares Jump 50% As Western Union Reportedly Looks For Acquisition,2020-06-01 20:00:00-04:00,AAPL,2020-06-01,2020-06-01,0.296,positive
"Hearing Susquehanna Check Suggests Total iPhone 12 Builds Tracking To 10M, Below Firm's Expectation Of 25M; Unconfirmed",2020-06-01 20:00:00-04:00,AAPL,2020-06-01,2020-06-01,-0.128,negative
Tesla CEO Musk Says Other Three Officers Should Be Charged In Floyd's Murder Case,2020-06-01 20:00:00-04:00,AAPL,2020-06-01,2020-06-01,-0.7579,negative
A Peek Into The Markets: US Stock Futures Up; Crude Oil Rises Over 2%,2020-06-01 20:00:00-04:00,AAPL,2020-06-01,2020-06-01,-0.5719,negative
"Pepper Spray, Books On Racism, 'I Can't Breathe' Merchandise Are Top Sellers On Amazon As Protests Rage",2020-06-01 20:00:00-04:00,AAPL,2020-06-01,2020-06-01,-0.7964,negative
Apple Cuts iPhone Prices in China To Push Sales As Country Reopens Economy,2020-05-31 20:00:00-04:00,AAPL,2020-05-31,2020-06-01,-0.296,negative
"Gun, Security Stocks Trade Higher After Weekend Protests Turn Violent And Destructive",2020-05-31 20:00:00-04:00,AAPL,2020-05-31,2020-06-01,-0.8689,negative
Carter Worth And Mike Khouw's Apple Trade,2020-05-31 20:00:00-04:00,AAPL,2020-05-31,2020-06-01,0.2263,positive
"Apple Pays Hacker From India $100,000 For Discovering Serious 'Sign In With Apple' Vulnerability",2020-05-31 20:00:00-04:00,AAPL,2020-05-31,2020-06-01,-0.296,negative
Volume Production of New iPhone Models to Begin in Q3 2020,2020-05-31 20:00:00-04:00,AAPL,2020-05-31,2020-06-01,0.0,neutral
"Apple CEO Writes To Employees About George Floyd Death, Urges For 'Better, More Just World For Everyone'",2020-05-31 20:00:00-04:00,AAPL,2020-05-31,2020-06-01,-0.5994,negative
"Amazon, Apple, Walmart, Other Retailers Shutter Stores, Scale Back Operations In Areas Worst Hit With Protests",2020-05-30 20:00:00-04:00,AAPL,2020-05-30,2020-06-01,-0.6486,negative
"Apple Says With Health and Safety of Its Teams in Mind, Decided to Keep Number of Its Stores in the U.S. Closed on Sunday",2020-05-30 20:00:00-04:00,AAPL,2020-05-30,2020-06-01,0.4767,positive
"Costco Shares Come Under Pressure Despite Strong Earnings, Same-Store Sales",2020-05-28 20:00:00-04:00,AAPL,2020-05-28,2020-05-28,-0.4023,negative
Trump's Executive Order To Expose Social Media To Lawsuits Over Content Policies,2020-05-27 20:00:00-04:00,AAPL,2020-05-27,2020-05-27,-0.296,negative
Costco Earnings On Tap After Close As Investors Mull Strong Toll Brothers Results,2020-05-27 20:00:00-04:00,AAPL,2020-05-27,2020-05-27,0.5106,positive
Martin Scorsese's Next Movie Will Be Financed By Apple: Report,2020-05-27 20:00:00-04:00,AAPL,2020-05-27,2020-05-27,0.0,neutral
"Tech Companies Aren't 'State Actors,' Judge Dismisses Conservative Bias Lawsuit Against Facebook, Twitter, Google, Apple",2020-05-27 20:00:00-04:00,AAPL,2020-05-27,2020-05-27,-0.3182,negative
Leidos Awarded $84.6M Payment from VirnetX Lawsuit vs Apple,2020-05-26 20:00:00-04:00,AAPL,2020-05-26,2020-05-26,0.2023,positive
The Most Popular Smartphone Model Of Q1,2020-05-26 20:00:00-04:00,AAPL,2020-05-26,2020-05-26,0.4754,positive
This New Tool Will Tell You Whether Or Not An Options Spread Is A Good Deal,2020-05-26 20:00:00-04:00,AAPL,2020-05-26,2020-05-26,0.4404,positive
"B of A Securities Maintains Buy on Apple, Raises Price Target to $340",2020-05-26 20:00:00-04:00,AAPL,2020-05-26,2020-05-26,0.296,positive
3 Apple Analysts Lift Price Targets: Why They're Optimistic On iPhone's Trajectory,2020-05-26 20:00:00-04:00,AAPL,2020-05-26,2020-05-26,0.3182,positive
'LG reportedly supplying 20 million OLED panels for 'iPhone 12 Max'' -AppleInsider,2020-05-26 20:00:00-04:00,AAPL,2020-05-26,2020-05-26,0.0,neutral
Same Old Leadership Song Lifts These Leveraged ETFs,2020-05-26 20:00:00-04:00,AAPL,2020-05-26,2020-05-26,0.0,neutral
"Deutsche Bank Maintains Buy on Apple, Raises Price Target to $320",2020-05-26 20:00:00-04:00,AAPL,2020-05-26,2020-05-26,0.0,neutral
YouTube Makes Its Dedicated Children App Available On Apple TV,2020-05-26 20:00:00-04:00,AAPL,2020-05-26,2020-05-26,0.4588,positive
Samsung Display Secures Majority of Panel Orders for Next-gen iPhone,2020-05-26 20:00:00-04:00,AAPL,2020-05-26,2020-05-26,0.3182,positive
Study: 34% Of Americans Report Looking Through Their Partner's Phone Without Permission,2020-05-25 20:00:00-04:00,AAPL,2020-05-25,2020-05-26,0.0,neutral
Apple To Reopen ~100 More US Stores This Week,2020-05-25 20:00:00-04:00,AAPL,2020-05-25,2020-05-26,0.0,neutral
"'FAANG Stocks Are Strong Once Again,' Facebook, Amazon, Netflix Hit Record Highs Last Week",2020-05-25 20:00:00-04:00,AAPL,2020-05-25,2020-05-26,0.6124,positive
Apple Expected to Incorporate Ambient Light Sensors in Next-generation Airpods Devices,2020-05-24 20:00:00-04:00,AAPL,2020-05-24,2020-05-26,0.0,neutral
The Secret to Tech's Resilience to COVID-19- Infrastructure Expansion,2020-05-21 20:00:00-04:00,AAPL,2020-05-21,2020-05-21,0.0,neutral
"Apple Is Seeking An Executive To Lead Original Podcast Effort, Is Buying Original Podcasts That Would Be Exclusive; New Podcasts Will Help Promote TV+ Video Service",2020-05-20 20:00:00-04:00,AAPL,2020-05-20,2020-05-20,0.8555,positive
Evercore ISI Analyst Amit DAryanani Says Apple Can Exceed $100 Billion In Services Revenue In The Fiscal Year Ending In September 2024,2020-05-20 20:00:00-04:00,AAPL,2020-05-20,2020-05-20,0.0,neutral
Apple Vs. Tesla: Morgan Stanley Breaks Down The Parallels,2020-05-20 20:00:00-04:00,AAPL,2020-05-20,2020-05-20,0.0,neutral
"As The Global Economy Weighs Fears Of A Recession, Travel Is Already In A Depression",2020-05-20 20:00:00-04:00,AAPL,2020-05-20,2020-05-20,-0.8519,negative
Hearing Evercore ISI Raises Price Target On Apple From $330 To $345,2020-05-20 20:00:00-04:00,AAPL,2020-05-20,2020-05-20,0.0,neutral
Apple's Face ID Will Allow Mask Wearing Users To Unlock Their Phones Quickly,2020-05-19 20:00:00-04:00,AAPL,2020-05-19,2020-05-19,0.2263,positive
'COVID-19 exposure notification settings begin to go live for iOS users with new update' -TechCrunch,2020-05-19 20:00:00-04:00,AAPL,2020-05-19,2020-05-19,0.0,neutral
Facebook Plans To Resume Work In Office In July At 25% Capacity And Safety Measures In Place,2020-05-19 20:00:00-04:00,AAPL,2020-05-19,2020-05-19,0.4215,positive
"A Peek Into The Markets: US Stock Futures Climb Ahead Of Earnings, Fed Minutes",2020-05-19 20:00:00-04:00,AAPL,2020-05-19,2020-05-19,0.0,neutral
Why Sony Sold Streaming Rights For Tom Hanks Movie To Apple Instead Of Waiting Out The Pandemic,2020-05-19 20:00:00-04:00,AAPL,2020-05-19,2020-05-19,0.0,neutral
Smartphone Sales Picking up in China,2020-05-19 20:00:00-04:00,AAPL,2020-05-19,2020-05-19,0.0,neutral
"Apple Looking To Diversify Its Manufacturing Base, Will Make Headphones In Vietnam",2020-05-19 20:00:00-04:00,AAPL,2020-05-19,2020-05-19,0.0,neutral
Telemedicine A COVID-19 Winner,2020-05-18 20:00:00-04:00,AAPL,2020-05-18,2020-05-18,0.5859,positive
"Walmart Earnings Look Strong Across the Board, But Home Depot Down After Missing on EPS",2020-05-18 20:00:00-04:00,AAPL,2020-05-18,2020-05-18,-0.1655,negative
Sony To Convert Its Financial Subsidiary Into Wholly Owned Unit Through $3.7B Tender Offer,2020-05-18 20:00:00-04:00,AAPL,2020-05-18,2020-05-18,0.0,neutral
"'Apple buys older shows for TV+, stepping up Netflix challenge' -Earlier SCMP Report",2020-05-18 20:00:00-04:00,AAPL,2020-05-18,2020-05-18,0.0772,positive
"Here's How Much Investing $1,000 In The 2015 Fitbit IPO Would Be Worth Today",2020-05-17 20:00:00-04:00,AAPL,2020-05-17,2020-05-18,0.2263,positive
"More Than 25 US Apple Stores To Reopen, 100 Now Open Around The World",2020-05-17 20:00:00-04:00,AAPL,2020-05-17,2020-05-18,0.0,neutral
"Barron's Picks And Pans: Cisco, Gilead, Netflix, Wayfair And More",2020-05-16 20:00:00-04:00,AAPL,2020-05-16,2020-05-18,0.0,neutral
"Ubisoft Sues Apple, Google Over Alibaba's Rainbow Six ""Ripoff""",2020-05-15 20:00:00-04:00,AAPL,2020-05-15,2020-05-15,0.0,neutral
13F From Buffett's Berkshire Shows Maintained Stake In Apple,2020-05-14 20:00:00-04:00,AAPL,2020-05-14,2020-05-14,0.0,neutral
US To Block Shipments Of Semiconductors To Huawei: Report,2020-05-14 20:00:00-04:00,AAPL,2020-05-14,2020-05-14,-0.4404,negative
Quick Retreat: Impressive Thursday Turnaround Halted in Its Tracks Amid Fresh Trade Tiff,2020-05-14 20:00:00-04:00,AAPL,2020-05-14,2020-05-14,0.7506,positive
Apple shares are trading lower on reports the company is among those China could retaliate against after the US announced it will block chip shipments from Huawei.,2020-05-14 20:00:00-04:00,AAPL,2020-05-14,2020-05-14,-0.4404,negative
"China's Global Times Mentions Qualcomm, Cisco, Apple And Boeing As 'four companies named by Chinese sources as possible targets for retaliation amid US moves against China's Huawei'",2020-05-14 20:00:00-04:00,AAPL,2020-05-14,2020-05-14,0.0,neutral
A Peek Into The Markets: US Stock Futures Up Ahead Of Economic Reports,2020-05-14 20:00:00-04:00,AAPL,2020-05-14,2020-05-14,0.0,neutral
Amazon To Manufacture Face Shields And Sell Them At Cost,2020-05-14 20:00:00-04:00,AAPL,2020-05-14,2020-05-14,0.1779,positive
Taiwanese Apple Supplier TSMC To Build $12B US Chip Factory After Months Of Pressure From Trump Administration,2020-05-13 20:00:00-04:00,AAPL,2020-05-13,2020-05-13,-0.296,negative
Apple Confirms Acquisition Of Virtual Reality Startup NextVR,2020-05-13 20:00:00-04:00,AAPL,2020-05-13,2020-05-13,0.0,neutral
'Apple supplier TSMC is reportedly building an Arizona chip plant' -The Verge,2020-05-13 20:00:00-04:00,AAPL,2020-05-13,2020-05-13,0.0,neutral
"'Apple's computerized glasses won't be ready until 2022 'at the earliest,' top analyst says' -CNBC Article",2020-05-13 20:00:00-04:00,AAPL,2020-05-13,2020-05-13,-0.0798,negative
The Mixed Sony Effect,2020-05-13 20:00:00-04:00,AAPL,2020-05-13,2020-05-13,0.0,neutral
Report: FBI Seizes Sen. Richard Burr's Phone In Investigation Of Coronavirus Stock Sell-Off,2020-05-13 20:00:00-04:00,AAPL,2020-05-13,2020-05-13,0.0,neutral
Apple Plans To Bring Employees Back To Office Even As Tech Peers Hold Off,2020-05-12 20:00:00-04:00,AAPL,2020-05-12,2020-05-12,0.0,neutral
"Retail Pro Says Giants Like Amazon, Walmart Will Prevail After Coronavirus: 'It's Not Fair'",2020-05-12 20:00:00-04:00,AAPL,2020-05-12,2020-05-12,0.3045,positive
"Apple Encourages Chinese Tech Company To Rival Foxconn, Aims To Foster Competition",2020-05-12 20:00:00-04:00,AAPL,2020-05-12,2020-05-12,0.4404,positive
Apple Plans for More Workers to Go Back to Offices Over Months,2020-05-11 20:00:00-04:00,AAPL,2020-05-11,2020-05-11,0.0,neutral
"""Stay at Home"" Stocks Still Rule the Roost as Nvidia, Microsoft, Apple Start Week Firmly",2020-05-11 20:00:00-04:00,AAPL,2020-05-11,2020-05-11,0.0,neutral
"Caution Ahead: Biggest Blue-Chips Seek Change, Innovation Post-COVID-19",2020-05-11 20:00:00-04:00,AAPL,2020-05-11,2020-05-11,0.3818,positive
"Analyst Polishes Apple Price Target On 'Teflon-Like' Services, iPhone 12 Outlook",2020-05-11 20:00:00-04:00,AAPL,2020-05-11,2020-05-11,0.0,neutral
"Wedbush Maintains Outperform on Apple, Raises Price Target to $350",2020-05-11 20:00:00-04:00,AAPL,2020-05-11,2020-05-11,0.0,neutral
Apple Unveils Update To Logic Pro,2020-05-11 20:00:00-04:00,AAPL,2020-05-11,2020-05-11,0.0,neutral
Not Just Fun And Games: How Esports Could Offer Potential Investment Opportunities,2020-05-11 20:00:00-04:00,AAPL,2020-05-11,2020-05-11,-0.0263,neutral
Disney Plans Another Bonds Offering With A Six-Part Deal,2020-05-11 20:00:00-04:00,AAPL,2020-05-11,2020-05-11,0.0,neutral
Cruise Line Earnings Later This Week Could Provide Insight On Brutal Quarter For Industry,2020-05-10 20:00:00-04:00,AAPL,2020-05-10,2020-05-11,-0.6249,negative
"Trump, Intel, TSMC Plan US 'Self-Sufficiency' In Semiconductors As Coronavirus Gives Supply-Chain Scare",2020-05-10 20:00:00-04:00,AAPL,2020-05-10,2020-05-11,-0.4939,negative
"Barron's Picks And Pans: Boyd Gaming, Domino's Pizza, Exxon And More",2020-05-08 20:00:00-04:00,AAPL,2020-05-08,2020-05-08,0.0,neutral
Apple Option Alert: May 15 $315 Calls Sweep (52) near the Ask: 354 @ $2.154 vs 6982 OI; Ref=$309.45,2020-05-07 20:00:00-04:00,AAPL,2020-05-07,2020-05-07,0.296,positive
"Apple To Give Masks To Customers Inside Retail Stores, Company To Let Customers Choose Product Pick Up Times Online",2020-05-07 20:00:00-04:00,AAPL,2020-05-07,2020-05-07,0.0,neutral
"Apple Says Social-Distancing Guidelines Will Limit Number Of Customers In Stores, May Create Delays For Walk-In Customers",2020-05-07 20:00:00-04:00,AAPL,2020-05-07,2020-05-07,0.34,positive
"Apple To Reopen Small Number Of U.S. Stores In Idaho, South Carolina, Alabama And Alaska Starting Next Week; Says It Will Require Customers To Wear Masks, Undergo Temperature Checks Before Entering Stores",2020-05-07 20:00:00-04:00,AAPL,2020-05-07,2020-05-07,0.0772,positive
Apple To Reopen Germany Retail Stores May 11,2020-05-07 20:00:00-04:00,AAPL,2020-05-07,2020-05-07,0.0,neutral
"Along With Dramatic Jobs Data, Investors Scrutinize Recent Earnings From Uber, Square",2020-05-07 20:00:00-04:00,AAPL,2020-05-07,2020-05-07,0.0,neutral
Spotify CEO's Apple Barb Backfires As Sonos Points Out The 'Solid Irony',2020-05-07 20:00:00-04:00,AAPL,2020-05-07,2020-05-07,0.1027,positive
"A Low-Cost, FAAMNG-Heavy ETF For May",2020-05-05 20:00:00-04:00,AAPL,2020-05-05,2020-05-05,0.0,neutral
A Recap Of Social Media Earnings,2020-05-05 20:00:00-04:00,AAPL,2020-05-05,2020-05-05,0.0,neutral
"GM, Disney, Beyond Meat Results In Focus, With GM And BYND Getting Early Lift",2020-05-05 20:00:00-04:00,AAPL,2020-05-05,2020-05-05,0.0,neutral
'Microsoft is releasing its new AirPods rival after months of delays — and it's even cheaper than expected' -Recent Business Insider Article,2020-05-05 20:00:00-04:00,AAPL,2020-05-05,2020-05-05,0.0,neutral
Apple Chassis Maker Catcher Said to be Considering Leaving China to Open Factories in SouthEast Asia,2020-05-05 20:00:00-04:00,AAPL,2020-05-05,2020-05-05,0.0,neutral
What Apple's WWDC 2020 Invite Says About This Year's Virtual Presentation,2020-05-04 20:00:00-04:00,AAPL,2020-05-04,2020-05-04,0.1531,positive
"Charles Schwab Launches Fractional Shares, The Ability To Gift Stock",2020-05-04 20:00:00-04:00,AAPL,2020-05-04,2020-05-04,0.7506,positive
Apple to Host Virtual Worldwide Developers Conference Beginning June 22,2020-05-04 20:00:00-04:00,AAPL,2020-05-04,2020-05-04,0.0,neutral
"Disney, Beyond Meat And Video Game Makers All Set To Report As Firm Tone Continues",2020-05-04 20:00:00-04:00,AAPL,2020-05-04,2020-05-04,0.0,neutral
"Apple Capitalizes On Plunge In Yields, Issues Cheapest Bonds In Years",2020-05-04 20:00:00-04:00,AAPL,2020-05-04,2020-05-04,0.0,neutral
Apple Files Final Pricing Term Sheet For Offering Of $2B 0.750% Notes Due 2023,2020-05-04 20:00:00-04:00,AAPL,2020-05-04,2020-05-04,0.0,neutral
Apple And Google Say No To Location Tracking In Coronavirus Contact Tracing Apps,2020-05-03 20:00:00-04:00,AAPL,2020-05-03,2020-05-04,-0.296,negative
'Apple raises more than $8 billion in bond offering' -Tweet From CNBC Now,2020-05-03 20:00:00-04:00,AAPL,2020-05-03,2020-05-04,0.0,neutral
Apple Grows Smartphone Market Share Even As Overall Market Declines At Record Pace,2020-05-03 20:00:00-04:00,AAPL,2020-05-03,2020-05-04,0.296,positive
"Hearing Apple To Reopen Stores Starting Friday, Region Not Specified",2020-05-03 20:00:00-04:00,AAPL,2020-05-03,2020-05-04,0.0,neutral
"GM, Disney In Focus Along With Friday's Payrolls Data As Stocks Appear Shaky To Start New Week",2020-05-03 20:00:00-04:00,AAPL,2020-05-03,2020-05-04,-0.2263,negative
"Apple Announces Updated MacBook Pro Offering 10th Generation Processor For Up To 80% Faster Graphics Performance; Starting At $1,299 And $1,199 For Education",2020-05-03 20:00:00-04:00,AAPL,2020-05-03,2020-05-04,0.0,neutral
Apple Inc Files Prospectus Supplement Related To A Potential Four-Part Notes Offering,2020-05-03 20:00:00-04:00,AAPL,2020-05-03,2020-05-04,0.0,neutral
Tim Cook On Warren Buffett: 'I Don't Think There's A Better Teacher',2020-05-01 20:00:00-04:00,AAPL,2020-05-01,2020-05-01,-0.3412,negative
"Amazon, Exxon Mobil Earnings Weigh On Market To Start New Month As Caution Steers The Wheel",2020-04-30 20:00:00-04:00,AAPL,2020-04-30,2020-04-30,0.1779,positive
VirnetX Shares Dip; Hearing Judge Has Ordered Retrial Regarding Damages In VirnetX vs Apple VPN On Demand Lawsuit,2020-04-30 20:00:00-04:00,AAPL,2020-04-30,2020-04-30,-0.4767,negative
"Apple Shows Signs Of Recovery From Coronavirus, Doesn't Shake Bulls With Lack Of Guidance",2020-04-30 20:00:00-04:00,AAPL,2020-04-30,2020-04-30,-0.1979,negative
"UPDATE: Raymond James On Apple Notes 'and those who don't buy a phone this year will have a strong incentive to buy one next year, particularly with more complete 5G networks and our belief of a stronger 2021 iPhone feature set'",2020-04-30 20:00:00-04:00,AAPL,2020-04-30,2020-04-30,0.8126,positive
"UPDATE: Raymond James Maintains Outperform On Apple, Raises Target To $340 Notes 'our optimism for the stock is about 2021. We think upgrades to 5G are inevitable'",2020-04-30 20:00:00-04:00,AAPL,2020-04-30,2020-04-30,0.5423,positive
"UPDATE: Morgan Stanley On Apple Notes 'With increased confidence in the 5G iPhone launch and stretched iPhone replacement cycles, Apple remains top pick'",2020-04-30 20:00:00-04:00,AAPL,2020-04-30,2020-04-30,0.7351,positive
"UPDATE: Morgan Stanley Maintains Overweight On Apple, Raises Tgt To $326 Notes 'While Apple pulled guidance, qualitative commentary leads us to raise our F3Q revenue estimate as demand improved in 2H of April and more stores will open before quarter-end'",2020-04-30 20:00:00-04:00,AAPL,2020-04-30,2020-04-30,0.0258,neutral
"UPDATE: Cascend Reiterates Buy On Apple, Lowers Target To $325 Notes 'not providing guidance is worrying even as the company performs solidly in a difficult environment",2020-04-30 20:00:00-04:00,AAPL,2020-04-30,2020-04-30,-0.6597,negative
"DA Davidson Maintains Buy on Apple, Lowers Price Target to $355",2020-04-30 20:00:00-04:00,AAPL,2020-04-30,2020-04-30,-0.128,negative
"Canaccord Genuity Maintains Buy on Apple, Raises Price Target to $310",2020-04-30 20:00:00-04:00,AAPL,2020-04-30,2020-04-30,0.0,neutral
"Nomura Instinet Maintains Neutral on Apple, Raises Price Target to $250",2020-04-30 20:00:00-04:00,AAPL,2020-04-30,2020-04-30,0.0,neutral
"Disappointment From Amazon, Apple Weighs On Market As Investors Also Consider Energy Earnings",2020-04-30 20:00:00-04:00,AAPL,2020-04-30,2020-04-30,-0.128,negative
"Apple shares are trading lower after the company reported revenue growth, which remained flat year over year.",2020-04-30 20:00:00-04:00,AAPL,2020-04-30,2020-04-30,0.3818,positive
"UBS Maintains Buy on Apple, Raises Price Target to $325",2020-04-30 20:00:00-04:00,AAPL,2020-04-30,2020-04-30,0.0,neutral
10 Biggest Price Target Changes For Friday,2020-04-30 20:00:00-04:00,AAPL,2020-04-30,2020-04-30,0.0,neutral
"B of A Securities Reiterates Buy on Apple, Raises Price Target to $320",2020-04-30 20:00:00-04:00,AAPL,2020-04-30,2020-04-30,0.296,positive
"Raymond James Maintains Outperform on Apple, Raises Price Target to $340",2020-04-30 20:00:00-04:00,AAPL,2020-04-30,2020-04-30,0.0,neutral
"Morgan Stanley Maintains Overweight on Apple, Raises Price Target to $326",2020-04-30 20:00:00-04:00,AAPL,2020-04-30,2020-04-30,-0.3612,negative
32 Stocks Moving in Friday's Pre-Market Session,2020-04-30 20:00:00-04:00,AAPL,2020-04-30,2020-04-30,0.0,neutral
"JP Morgan Maintains Overweight on Apple, Raises Price Target to $350",2020-04-30 20:00:00-04:00,AAPL,2020-04-30,2020-04-30,0.0085,neutral
"Piper Sandler Maintains Overweight on Apple, Raises Price Target to $310",2020-04-30 20:00:00-04:00,AAPL,2020-04-30,2020-04-30,-0.3612,negative
"Cascend Maintains Buy on Apple, Lowers Price Target to $325",2020-04-30 20:00:00-04:00,AAPL,2020-04-30,2020-04-30,-0.128,negative
Hearing JP Morgan Added Apple Shares To Its Bullish 'Focus List',2020-04-30 20:00:00-04:00,AAPL,2020-04-30,2020-04-30,0.5766,positive
A Peek Into The Markets: US Stock Futures Point To A Lower Open,2020-04-30 20:00:00-04:00,AAPL,2020-04-30,2020-04-30,-0.296,negative
"Apple, Huawei Each Captured a Higher Share of China's Smartphone Market in Q1, Says Canalys",2020-04-30 20:00:00-04:00,AAPL,2020-04-30,2020-04-30,0.296,positive
"8 Stocks To Watch For May 1, 2020",2020-04-30 20:00:00-04:00,AAPL,2020-04-30,2020-04-30,0.0,neutral
Apple Increased Smartphone Market Share In China In Q1 During Pandemic: Report,2020-04-30 20:00:00-04:00,AAPL,2020-04-30,2020-04-30,0.5106,positive
"Apple Has 'Better Days Ahead,' Analysts Say After Q1 Earnings Beat",2020-04-30 20:00:00-04:00,AAPL,2020-04-30,2020-04-30,0.4404,positive
TikTok Considers Launching Reality TV Show,2020-04-29 20:00:00-04:00,AAPL,2020-04-29,2020-04-29,0.0,neutral
Apple CEO Tim Cook: Store Traffic Not Back To Pre-COVID-19 Levels In China,2020-04-29 20:00:00-04:00,AAPL,2020-04-29,2020-04-29,0.0,neutral
Apple CFO Says Advertising Also To Be Affected By June Quarter,2020-04-29 20:00:00-04:00,AAPL,2020-04-29,2020-04-29,-0.1531,negative
Apple CFO Says Apple Care And Advertising Will Be Affected In June Quarter,2020-04-29 20:00:00-04:00,AAPL,2020-04-29,2020-04-29,0.3818,positive
"Apple CFO Expects Digital Services To Continue To Grow At Same Level Of Performance Seen In Mar., Qtr.; Says Expects Apple Care To Be Impacted During Jun. Qtr.",2020-04-29 20:00:00-04:00,AAPL,2020-04-29,2020-04-29,0.4939,positive
"Apple CEO Tim Cook Says Austria, Australia Apple Stores To Reopen In 1 To 2 Weeks",2020-04-29 20:00:00-04:00,AAPL,2020-04-29,2020-04-29,0.0,neutral
"Apple CEO, On TV+, Says Have Seen A Significant Uptick In Number Of People Who Are Viewing The Content As Well As The Engagement With Content",2020-04-29 20:00:00-04:00,AAPL,2020-04-29,2020-04-29,0.7351,positive
Apple CEO Tim Cook Sees Remote Work Sector Accelerating,2020-04-29 20:00:00-04:00,AAPL,2020-04-29,2020-04-29,0.0,neutral
Apple CEO: Our Products Are Even More Important In 'These Times',2020-04-29 20:00:00-04:00,AAPL,2020-04-29,2020-04-29,0.2716,positive
"Apple CFO: The Core Of The Company Is Innovation, Will Continue To Invest In Product Pipeline",2020-04-29 20:00:00-04:00,AAPL,2020-04-29,2020-04-29,0.3818,positive
"Apple CFO Says Due To Reduced Level Of Economic Activity, Services Like Apple Care And Advertising Have Been Impacted",2020-04-29 20:00:00-04:00,AAPL,2020-04-29,2020-04-29,0.6908,positive
Apple CFO Says Expects YoY Revenue Performance To Improve In Jun. Qtr,2020-04-29 20:00:00-04:00,AAPL,2020-04-29,2020-04-29,0.4404,positive
Apple CFO Says Liquidity Has Not Been Issue,2020-04-29 20:00:00-04:00,AAPL,2020-04-29,2020-04-29,0.0,neutral
Apple CEO Tim Cook: We Will Not Be Issuing Guidance For The Following Quarter,2020-04-29 20:00:00-04:00,AAPL,2020-04-29,2020-04-29,0.0,neutral
Apple CEO Tim Cook: We Envision iPad And Mac To Have Improving Year-Over-Year Performances In This Current Quarter,2020-04-29 20:00:00-04:00,AAPL,2020-04-29,2020-04-29,0.4215,positive
Apple CEO Tim Cook: Apple To Work With Google To Improve COVID-19 Contact Tracing,2020-04-29 20:00:00-04:00,AAPL,2020-04-29,2020-04-29,0.4404,positive
Apple CEO Tim Cook: Apple News Had 125M Users,2020-04-29 20:00:00-04:00,AAPL,2020-04-29,2020-04-29,0.0,neutral
Apple CEO Tim Cook: We Are Sourcing More Than 30M Masks For Employees Around The World,2020-04-29 20:00:00-04:00,AAPL,2020-04-29,2020-04-29,0.0,neutral
12 Stocks Moving In Thursday's After-Hours Session,2020-04-29 20:00:00-04:00,AAPL,2020-04-29,2020-04-29,0.0,neutral
"Apple Reports Big Q2 Earnings Beat, Driven By Record Services Revenue",2020-04-29 20:00:00-04:00,AAPL,2020-04-29,2020-04-29,0.0,neutral
Apple shares are trading higher after the company reported better-than-expected Q2 EPS and sales results. UPDATE: Shares have since reversed.,2020-04-29 20:00:00-04:00,AAPL,2020-04-29,2020-04-29,0.5267,positive
"Apple CEO Tim Cook ""We are confident in our future and continue to make significant investments in all areas of our business to enrich our customers' lives ... including our five-year commitment to contribute $350 billion to the United States Economy""",2020-04-29 20:00:00-04:00,AAPL,2020-04-29,2020-04-29,0.8555,positive
Apple Shares Trading Higher 2.3% Following Q2 Earnings,2020-04-29 20:00:00-04:00,AAPL,2020-04-29,2020-04-29,0.296,positive
"Apple Q2 iPhone Sales $28.962B, Mac Sales $5.351B, iPad $4.368B, Wearables, Home, Accessories $6.284B",2020-04-29 20:00:00-04:00,AAPL,2020-04-29,2020-04-29,0.0,neutral
"Apple Q2 Americas Sales $25.473B, Europe $14.294B, Greater China $9.455B, Japan $5.206B, Rest Of Asia Pacific $3.885B",2020-04-29 20:00:00-04:00,AAPL,2020-04-29,2020-04-29,0.3612,positive
"Apple Reports Q2 Service Revenue $13.348B, Up From $11.45B YoY",2020-04-29 20:00:00-04:00,AAPL,2020-04-29,2020-04-29,0.0,neutral
"Apple CEO Tim Cook ""Despite COVID-19's unprecedented global impact, we're proud to report that Apple grew for the quarter, driven by an all-time record in Services and a quarterly record for Wearables""",2020-04-29 20:00:00-04:00,AAPL,2020-04-29,2020-04-29,0.4767,positive
"Apple Q2 EPS $2.550 Beats $2.260 Estimate, Sales $58.300B Beat $54.540B Estimate",2020-04-29 20:00:00-04:00,AAPL,2020-04-29,2020-04-29,0.0,neutral
"Watching Apple Shares Decline At Least 1% Head Of Earnings, Expected At 4:30",2020-04-29 20:00:00-04:00,AAPL,2020-04-29,2020-04-29,0.296,positive
Morning Market Stats in 5 Minutes,2020-04-29 20:00:00-04:00,AAPL,2020-04-29,2020-04-29,0.0,neutral
"Apple And Amazon Up To Bat this Afternoon As Investors Ponder Microsoft, Facebook Results",2020-04-29 20:00:00-04:00,AAPL,2020-04-29,2020-04-29,0.1779,positive
Mike Khouw Sees Unusual Options Activity In Apple,2020-04-29 20:00:00-04:00,AAPL,2020-04-29,2020-04-29,0.0,neutral
"Benzinga Pro's Top 5 Stocks To Watch For Thurs., Apr. 30, 2020: AAPL, LVS, MRNA, IMKTA, CAPR",2020-04-29 20:00:00-04:00,AAPL,2020-04-29,2020-04-29,0.2023,positive
A Peek Into The Markets: US Stock Futures Edge Higher Ahead Of Apple Earnings,2020-04-29 20:00:00-04:00,AAPL,2020-04-29,2020-04-29,0.0,neutral
"10 Stocks To Watch For April 30, 2020",2020-04-29 20:00:00-04:00,AAPL,2020-04-29,2020-04-29,0.0,neutral
"Earnings Scheduled For April 30, 2020",2020-04-29 20:00:00-04:00,AAPL,2020-04-29,2020-04-29,0.0,neutral
"Shares of several technology companies are trading higher amid market strength following positive data from a study of Gilead's Remdesivir, which is being evaluated for coronavirus. A successful treatment could mean a sooner return to economic activity. NOTE: Some names may also be moving in sympathy following recent earnings from Google and some semiconductor companies.",2020-04-28 20:00:00-04:00,AAPL,2020-04-28,2020-04-28,0.936,positive
"Alphabet, Boeing Shares Get A Lift Following Earnings, While GE Falls Short",2020-04-28 20:00:00-04:00,AAPL,2020-04-28,2020-04-28,0.296,positive
AT&T Is Hoping HBO Max Will Turn The Tide,2020-04-28 20:00:00-04:00,AAPL,2020-04-28,2020-04-28,0.4215,positive
Apple Adds Coronavirus Testing Sites To Maps In US,2020-04-28 20:00:00-04:00,AAPL,2020-04-28,2020-04-28,0.0,neutral
"Apple Earnings Ahead: Rough Quarter, iPhone Expectations And Getting Back To Business",2020-04-27 20:00:00-04:00,AAPL,2020-04-27,2020-04-27,0.0,neutral
"Earnings Feast: Bring a Plate With Healthcare and Caterpillar in Morning, GOOGL And AMD Later",2020-04-27 20:00:00-04:00,AAPL,2020-04-27,2020-04-27,0.0,neutral
How Large Apple Option Traders Are Positioning Ahead Of Earnings,2020-04-26 20:00:00-04:00,AAPL,2020-04-26,2020-04-27,0.0,neutral
3 Sector ETFs For This Week's Earnings Parade,2020-04-26 20:00:00-04:00,AAPL,2020-04-26,2020-04-27,0.0,neutral
"Raymond James Says 'We lowered our iPhone estimates 2 weeks ago to take into account the likelihood of slower sales, and we don't see a reason to change our estimates at this time'",2020-04-26 20:00:00-04:00,AAPL,2020-04-26,2020-04-27,-0.128,negative
Raymond James On Reports Of Apple iPhone Delays Says 'Apple suppliers we spoke with hadn't seen changes yet'; Says 'Our conclusion is that AAPL is likely selectively notifying suppliers.',2020-04-26 20:00:00-04:00,AAPL,2020-04-26,2020-04-27,0.0,neutral
Will COVID-19 Accelerate The Adoption Of Autonomous Vehicles?,2020-04-26 20:00:00-04:00,AAPL,2020-04-26,2020-04-27,0.0,neutral
"UPDATE: B of A Securities On Apple Notes 'Although AAPL could choose to not provide any guidance,we think AAPL could also provide a much wider than normal range to encapsulate the uncertainty of COVID-19'",2020-04-26 20:00:00-04:00,AAPL,2020-04-26,2020-04-27,-0.0516,negative
"UPDATE: B of A Securities Reiterates Buy On Apple, Raises Target To $310 Notes 'To guide or not guide; that is the question'; Firm Expects 'AAPL to report F2Q well below consensus (not fully adjusted) and to guide well below consensus as well'",2020-04-26 20:00:00-04:00,AAPL,2020-04-26,2020-04-27,0.7579,positive
"SpotlightNews Informs Communities, Extends Helping Hand To Small Publishers",2020-04-26 20:00:00-04:00,AAPL,2020-04-26,2020-04-27,0.7096,positive
"B of A Securities Earlier Reiterated Buy on Apple, Raised Price Target to $310",2020-04-26 20:00:00-04:00,AAPL,2020-04-26,2020-04-27,0.296,positive
Morning Market Stats in 5 Minutes,2020-04-26 20:00:00-04:00,AAPL,2020-04-26,2020-04-27,0.0,neutral
"Apple And Amazon Earnings, Fed Meeting Among Highlights In Busy Week Ahead",2020-04-26 20:00:00-04:00,AAPL,2020-04-26,2020-04-27,0.1779,positive
UPDATE: Apple Cut Number Of Flagship iPhone Units Being Produced Over Jul. To Dec. Period By As Much As 20%,2020-04-26 20:00:00-04:00,AAPL,2020-04-26,2020-04-27,-0.1027,negative
Apple Shares Down 0.9% Since Earlier Dow Jones Report Co. Has Delayed Its Production Ramp Up For Flagship iPhones By About 1 Month,2020-04-26 20:00:00-04:00,AAPL,2020-04-26,2020-04-27,0.1779,positive
"Apple Is Pushing Back New iPhone Production, WSJ Reports",2020-04-26 20:00:00-04:00,AAPL,2020-04-26,2020-04-27,0.0,neutral
Carter Worth And Mike Khouw's Apple Trade,2020-04-26 20:00:00-04:00,AAPL,2020-04-26,2020-04-27,0.2263,positive
Global Smartphone Shipments to Fall to 1.15B Units in 2020,2020-04-26 20:00:00-04:00,AAPL,2020-04-26,2020-04-27,0.0,neutral
Amazon Pilots Online Screening Of New Sellers During Pandemic,2020-04-25 20:00:00-04:00,AAPL,2020-04-25,2020-04-27,0.1779,positive
"Bulls And Bears Of The Week: Amazon, Boeing, Disney, Netflix And More",2020-04-24 20:00:00-04:00,AAPL,2020-04-24,2020-04-24,0.1779,positive
"Nvidia Reportedly Eyeing 5nm Chips Even As Apple, AMD Ramp Up Orders",2020-04-23 20:00:00-04:00,AAPL,2020-04-23,2020-04-23,0.0,neutral
"Apple Shares Unaffected As Hearing Trump Says He Spoke With Tim Cook, Trump Says Cook Believes Economy Will See V-Shaped Recovery",2020-04-23 20:00:00-04:00,AAPL,2020-04-23,2020-04-23,0.296,positive
10 Biggest Price Target Changes For Friday,2020-04-23 20:00:00-04:00,AAPL,2020-04-23,2020-04-23,0.0,neutral
Hearing Credit Suisse Asia Sees Apple Cutting iPhone Jul. To Sept. Production By 30% Given A Delay In Production Ramp For 2020 Models,2020-04-23 20:00:00-04:00,AAPL,2020-04-23,2020-04-23,-0.0516,negative
"Apple Says No Evidence That Hackers Exploited Vulnerability In iPhones, iPads To Steal Data",2020-04-23 20:00:00-04:00,AAPL,2020-04-23,2020-04-23,-0.8519,negative
Apple Says No Evidence iPhone Mail Flaw Used Against Customers,2020-04-23 20:00:00-04:00,AAPL,2020-04-23,2020-04-23,-0.296,negative
"Apple Analyst Braces For 'Friday The 13th'-Like Q2, Says iPhone On Track",2020-04-22 20:00:00-04:00,AAPL,2020-04-22,2020-04-22,0.0,neutral
"Apple Reportedly Shifting Away From Intel, Will Make Its Own Mac Chips",2020-04-22 20:00:00-04:00,AAPL,2020-04-22,2020-04-22,0.0,neutral
Intel Shares Unaffected Following NY Post Article 'Apple to reportedly use its own chips for Macs instead of Intel's next year',2020-04-22 20:00:00-04:00,AAPL,2020-04-22,2020-04-22,0.296,positive
10 Biggest Price Target Changes For Thursday,2020-04-22 20:00:00-04:00,AAPL,2020-04-22,2020-04-22,0.0,neutral
"Daiwa Capital Downgrades Apple to Outperform, Lowers Price Target to $297",2020-04-22 20:00:00-04:00,AAPL,2020-04-22,2020-04-22,-0.128,negative
"Apple Acknowledges Security Flaw in iPhone, iPads That Hackers May Have Used To Steal Data For Years",2020-04-22 20:00:00-04:00,AAPL,2020-04-22,2020-04-22,-0.2023,negative
Another Autonomous Trucking Startup Announces Layoffs,2020-04-21 20:00:00-04:00,AAPL,2020-04-21,2020-04-21,0.0,neutral
These Companies Could Rebound Sharply After The COVID-19 Crisis,2020-04-21 20:00:00-04:00,AAPL,2020-04-21,2020-04-21,-0.6249,negative
"Little Things Count: After Selloff To Start Week, A Bit of Light Arrives With Positive Earnings",2020-04-21 20:00:00-04:00,AAPL,2020-04-21,2020-04-21,0.5574,positive
Gene Munster Sees Apple And Tesla As Biggest Winners This Earnings Season,2020-04-21 20:00:00-04:00,AAPL,2020-04-21,2020-04-21,0.4767,positive
How Stable Are Their Networks? AT&T And Verizon Set To Release Q1 Earnings,2020-04-20 20:00:00-04:00,AAPL,2020-04-20,2020-04-20,0.296,positive
Shares of several technology companies are trading lower amid overall market weakness following a collapse in oil prices. Oil has been negatively impacted by excess supply and low demand amid the coronavirus pandemic.,2020-04-20 20:00:00-04:00,AAPL,2020-04-20,2020-04-20,-0.8225,negative
Tuesday's Market Minute: The Streaming Comeback Kid: Netflix,2020-04-20 20:00:00-04:00,AAPL,2020-04-20,2020-04-20,0.0,neutral
Apple Shares Spike 1.5% Amid Nikkei Report Co. Aiming To Increase iPhone Output By 4% Through Mar.,2020-04-20 20:00:00-04:00,AAPL,2020-04-20,2020-04-20,0.5423,positive
Apple Likely to Defer New Airpods Pro Launch,2020-04-20 20:00:00-04:00,AAPL,2020-04-20,2020-04-20,-0.296,negative
Apple Services Now Available in More Countries Around the World,2020-04-20 20:00:00-04:00,AAPL,2020-04-20,2020-04-20,0.0,neutral
Jerremy Newsome Shares The Rules For His Options Strategy,2020-04-19 20:00:00-04:00,AAPL,2020-04-19,2020-04-20,0.296,positive
Coronavirus Sell-Off A Major Opportunity For Activist Investors,2020-04-19 20:00:00-04:00,AAPL,2020-04-19,2020-04-20,0.4215,positive
"Halliburton, United, Among Key Names Reporting Results, With More Airlines Due Later In Week",2020-04-19 20:00:00-04:00,AAPL,2020-04-19,2020-04-20,0.4215,positive
"Bulls And Bears Of The Week: Caterpillar, Facebook, Microsoft And More",2020-04-18 20:00:00-04:00,AAPL,2020-04-18,2020-04-20,0.0,neutral
"'Options Action' Traders Weigh In On Apple, S&P 500, Crude Oil",2020-04-17 20:00:00-04:00,AAPL,2020-04-17,2020-04-17,-0.5719,negative
Smart Option Trading CEO On Gaining An Edge With Options: 'They Show The Overall Sentiment',2020-04-17 20:00:00-04:00,AAPL,2020-04-17,2020-04-17,0.6705,positive
"Gene Munster Dismisses Goldman's Apple Downgrade, Says Cupertino Has Long-Term Earnings Power",2020-04-16 20:00:00-04:00,AAPL,2020-04-16,2020-04-16,0.0,neutral
"Goldman Turns Bearish On Apple, Qualcomm, Projects 36% Drop In Q2 iPhone Sales",2020-04-16 20:00:00-04:00,AAPL,2020-04-16,2020-04-16,-0.2732,negative
"Big Earnings Day As Honeywell, Procter & Gamble, Schlumberger Among Those Reporting",2020-04-16 20:00:00-04:00,AAPL,2020-04-16,2020-04-16,0.0,neutral
'Apple supplier Foxconn steps up semiconductor plans with deal to build a new base in Qingdao' -South China Morning Post,2020-04-16 20:00:00-04:00,AAPL,2020-04-16,2020-04-16,0.0,neutral
"Benzinga's Top Upgrades, Downgrades For April 17, 2020",2020-04-16 20:00:00-04:00,AAPL,2020-04-16,2020-04-16,0.2023,positive
"UPDATE: Goldman Sachs Downgrades Apple To Sell, Lowers Target To $233 'as COVID-19 downturn drives reduced 2021 forecasts'",2020-04-16 20:00:00-04:00,AAPL,2020-04-16,2020-04-16,-0.128,negative
10 Biggest Price Target Changes For Friday,2020-04-16 20:00:00-04:00,AAPL,2020-04-16,2020-04-16,0.0,neutral
A Peek Into The Markets: US Stock Futures Signal Higher Start On Wall Street,2020-04-16 20:00:00-04:00,AAPL,2020-04-16,2020-04-16,0.0,neutral
"Goldman Sachs Downgrades Apple to Sell, Lowers Price Target to $233",2020-04-16 20:00:00-04:00,AAPL,2020-04-16,2020-04-16,-0.128,negative
"Apple Reopening Store In Seoul, First Outside China",2020-04-16 20:00:00-04:00,AAPL,2020-04-16,2020-04-16,0.0,neutral
"Big Stocks Moving After Hours As Market Cheers Gilead, 'Reopening' Updates",2020-04-15 20:00:00-04:00,AAPL,2020-04-15,2020-04-15,0.4767,positive
S&P 500 Futures Up 3.2% After Hours; Many Other Stocks Moving Higher With Futures; Investors Reacting Favorably To White Phase Guidelines On Reopening Economy,2020-04-15 20:00:00-04:00,AAPL,2020-04-15,2020-04-15,0.3818,positive
"Apple's Tim Cook Tells Staff Mgmt. Is Unclear When Employees Will Be Able To Return To Offices, Says Offices Will Likely Have Temperature Checks, Social Distancing Efforts",2020-04-15 20:00:00-04:00,AAPL,2020-04-15,2020-04-15,-0.25,negative
Comcast's Peacock Takes Well-Timed Flight,2020-04-15 20:00:00-04:00,AAPL,2020-04-15,2020-04-15,0.0,neutral
Apple shares are trading higher after Deutsche Bank maintained its Buy rating on the stock and raised its price target from $270 to $285 per share.,2020-04-15 20:00:00-04:00,AAPL,2020-04-15,2020-04-15,0.5267,positive
"Deutsche Bank Maintains Buy on Apple, Raises Price Target to $285",2020-04-15 20:00:00-04:00,AAPL,2020-04-15,2020-04-15,0.0,neutral
"Morgan Stanley Misses On EPS, But Shows Strong Trading Results For Q1 As Banks Wrap Up",2020-04-15 20:00:00-04:00,AAPL,2020-04-15,2020-04-15,0.6124,positive
'Apple's only retail store in South Korea reopening April 18' -9to5Mac,2020-04-15 20:00:00-04:00,AAPL,2020-04-15,2020-04-15,0.0,neutral
Software Rises Above Semiconductors And Hardware As Tech Heads Into Earnings Season,2020-04-14 20:00:00-04:00,AAPL,2020-04-14,2020-04-14,0.0,neutral
"US Senator Blumenthal Says Apple, Google Have A 'Lot Of Work To Do' To Convince People Coronavirus Contact Tracing Will Not Violate Privacy",2020-04-14 20:00:00-04:00,AAPL,2020-04-14,2020-04-14,0.5615,positive
Apple Ready To Launch 'iPhone 9'; Analyst Says Initial Sales Could Reach 25M Units,2020-04-14 20:00:00-04:00,AAPL,2020-04-14,2020-04-14,0.3818,positive
Every Member Of Trump's 'Great American Economic Revival' Industry Groups,2020-04-14 20:00:00-04:00,AAPL,2020-04-14,2020-04-14,0.6249,positive
BioXcel Therapeutics CEO Says Wearable Devices Are Another Tool To Combat Alzheimer's Agitation,2020-04-14 20:00:00-04:00,AAPL,2020-04-14,2020-04-14,-0.5267,negative
"Apple Shares Unaffected Following Co. Press Release Highlighting Second-Generation iPhone SE, Starting At $399",2020-04-14 20:00:00-04:00,AAPL,2020-04-14,2020-04-14,0.296,positive
"Apple Makes Available Its Mobility Data To Aid In Coronavirus Efforts, Says Trends Tool From Apple Maps Can Help Mitigate Spread Of Virus",2020-04-13 20:00:00-04:00,AAPL,2020-04-13,2020-04-13,0.4019,positive
Apple shares are trading higher after it was reported the company shipped 2.5 million iPhones in China in March.,2020-04-13 20:00:00-04:00,AAPL,2020-04-13,2020-04-13,0.296,positive
"JPMorgan, Wells Fargo Earnings Lower Than Expected, But Positive Tone Helps Shares",2020-04-13 20:00:00-04:00,AAPL,2020-04-13,2020-04-13,0.9001,positive
Apple And Google Give Details On Their Joint Coronavirus Contact Tracing Tool,2020-04-13 20:00:00-04:00,AAPL,2020-04-13,2020-04-13,0.0,neutral
Apple Shipped 2.5M iPhones in China in March,2020-04-13 20:00:00-04:00,AAPL,2020-04-13,2020-04-13,0.0,neutral
"IDC Issues PC Report For Q1, Shows 'Sharp Decline in Q1 2020 Despite Increased Demand to Meet Remote Work and School Needs'",2020-04-12 20:00:00-04:00,AAPL,2020-04-12,2020-04-13,-0.1139,negative
Commentary: Why Supply Chains Are Weaker Than Their Weakest Link,2020-04-12 20:00:00-04:00,AAPL,2020-04-12,2020-04-13,-0.7351,negative
Apple Reportedly Planning Major iPhone Design Overhaul For Fall Launches,2020-04-12 20:00:00-04:00,AAPL,2020-04-12,2020-04-13,0.0,neutral
"Raymond James Maintains Outperform on Apple, Lowers Price Target to $305",2020-04-12 20:00:00-04:00,AAPL,2020-04-12,2020-04-13,-0.128,negative
Apple And Google Team Up To Build Bluetooth Solution To Tackle COVID-19 Pandemic,2020-04-12 20:00:00-04:00,AAPL,2020-04-12,2020-04-13,0.3182,positive
"Bloomberg Reports iPhone 12 to Feature Redesigned Stainless Steel Chasis, Cheaper Homepod to be Out Later This Year",2020-04-12 20:00:00-04:00,AAPL,2020-04-12,2020-04-13,0.0,neutral
"Apple's Stock Will Outperform Other FAANG Stocks In 2020, Long-Term Future 'Among The Brightest', Munster Says",2020-04-11 20:00:00-04:00,AAPL,2020-04-11,2020-04-13,0.0,neutral
"Benzinga's Bulls And Bears Of The Week: Apple, Disney, Intel And More",2020-04-10 20:00:00-04:00,AAPL,2020-04-10,2020-04-13,0.0,neutral
Communications Services Sector Earnings: When Staying In Becomes The Trend,2020-04-08 20:00:00-04:00,AAPL,2020-04-08,2020-04-08,0.0,neutral
Will FANG Lead The Market Rebound?,2020-04-08 20:00:00-04:00,AAPL,2020-04-08,2020-04-08,0.0,neutral
Apple At A 'Fork In The Road' As Disney+ Reports 50M Subscribers,2020-04-08 20:00:00-04:00,AAPL,2020-04-08,2020-04-08,0.0,neutral
"Nomura Maintains Neutral on Apple, Raises Price Target to $240",2020-04-08 20:00:00-04:00,AAPL,2020-04-08,2020-04-08,0.0,neutral
2 Companies Well Positioned To Weather The Coronavirus Storm,2020-04-08 20:00:00-04:00,AAPL,2020-04-08,2020-04-08,0.2732,positive
Disney Shares Climb 7% As Video On Demand Service Crosses 50M Subscribers,2020-04-07 20:00:00-04:00,AAPL,2020-04-07,2020-04-07,0.1779,positive
"Netflix, YouTube, Disney+: Which Video Streaming Platform Do Teens Watch The Most?",2020-04-07 20:00:00-04:00,AAPL,2020-04-07,2020-04-07,0.0,neutral
The Show Must Go On – Event Industry Rising To The Challenge Of COVID-19,2020-04-07 20:00:00-04:00,AAPL,2020-04-07,2020-04-07,0.0772,positive
Global Payments Firm Papaya Global Publishes International COVID-19 Crisis Guides For Employers,2020-04-07 20:00:00-04:00,AAPL,2020-04-07,2020-04-07,-0.6249,negative
Watching Apple Shares; Hearing Traders Circulating Word Of Earlier Article From China Publication Suggesting Apple Cut Orders From China Suppliers,2020-04-07 20:00:00-04:00,AAPL,2020-04-07,2020-04-07,0.0258,neutral
Shares of several technology companies are trading higher amid overall market strength on optimism that US coronavirus cases could soon leveling off. NOTE: Some names in the sector have potentially benefited from recent work-at-home trends.,2020-04-07 20:00:00-04:00,AAPL,2020-04-07,2020-04-07,0.836,positive
10 Biggest Price Target Changes For Wednesday,2020-04-07 20:00:00-04:00,AAPL,2020-04-07,2020-04-07,0.0,neutral
"JP Morgan Maintains Overweight on Apple, Lowers Price Target to $335",2020-04-07 20:00:00-04:00,AAPL,2020-04-07,2020-04-07,-0.1197,negative
Hearing Piper Sandler Raised Apple Price Target From $260 To $300; Unconfirmed,2020-04-07 20:00:00-04:00,AAPL,2020-04-07,2020-04-07,-0.128,negative
iPhone Maker Foxconn To Produce Ventilators In US,2020-04-07 20:00:00-04:00,AAPL,2020-04-07,2020-04-07,0.0,neutral
"Shares of several technology, semiconductor, and software companies are trading higher amid optimism that coronavirus cases in Asia are potentially easing. Global slowing cases could raise hopes of a sooner return to spending and economic activity.",2020-04-06 20:00:00-04:00,AAPL,2020-04-06,2020-04-06,0.8591,positive
Microsoft Hires ex-Apple Exec Caballero in Charge of Wireless for Hardware,2020-04-06 20:00:00-04:00,AAPL,2020-04-06,2020-04-06,0.0,neutral
"3M, Trump Strike Deal To Import 166.5M Masks From China, Company To Continue To Supply Abroad",2020-04-05 20:00:00-04:00,AAPL,2020-04-05,2020-04-06,-0.128,negative
Investor Movement Index Summary: March 2020,2020-04-05 20:00:00-04:00,AAPL,2020-04-05,2020-04-06,0.0,neutral
Apple's iPhone 9 Launch Could Be Imminent,2020-04-05 20:00:00-04:00,AAPL,2020-04-05,2020-04-06,0.0,neutral
"Apple Rumored To Be Eyeing $100M Acquisition Of AR, VR Company NextVR",2020-04-05 20:00:00-04:00,AAPL,2020-04-05,2020-04-06,0.0,neutral
Apple shares are trading higher potentially due to the company announcing it would produce 1 million face shields per week for healthcare workers.,2020-04-05 20:00:00-04:00,AAPL,2020-04-05,2020-04-06,0.296,positive
Apple To Make 1M Face Shields Per Week For Coronavirus Health Workers,2020-04-04 20:00:00-04:00,AAPL,2020-04-04,2020-04-06,0.0,neutral
Apple Said to be Likely Buyer of AR/VR Company NextVR for ~$100M,2020-04-03 20:00:00-04:00,AAPL,2020-04-03,2020-04-03,0.0,neutral
"Barron's Picks And Pans: Post-Pandemic Ideas, Safe Dividends And More",2020-04-03 20:00:00-04:00,AAPL,2020-04-03,2020-04-03,0.4404,positive
Roland Garros Is Giving Us Hope – Shall We Dare to Dream?,2020-04-02 20:00:00-04:00,AAPL,2020-04-02,2020-04-02,0.743,positive
"Morgan Stanley Maintains Overweight on Apple, Lowers Price Target to $298",2020-04-02 20:00:00-04:00,AAPL,2020-04-02,2020-04-02,-0.4588,negative
"Credit Suisse Maintains Neutral on Apple, Lowers Price Target to $260",2020-04-02 20:00:00-04:00,AAPL,2020-04-02,2020-04-02,0.2732,positive
Apple Accidentally Confirms Unreleased Product That Helps Users Find Lost Items,2020-04-02 20:00:00-04:00,AAPL,2020-04-02,2020-04-02,-0.2732,negative
Apple Tells Staff U.S. Stores to Remain Closed Until Early May,2020-04-02 20:00:00-04:00,AAPL,2020-04-02,2020-04-02,0.0,neutral
Coronavirus Outbreak Updated: Keep Up With The Latest Headlines,2020-04-01 20:00:00-04:00,AAPL,2020-04-01,2020-04-01,0.0,neutral
Credit Suisse Compiles List Of Corporations With Most And Least Cash,2020-04-01 20:00:00-04:00,AAPL,2020-04-01,2020-04-01,0.3818,positive
"A Peek Into The Markets: US Stock Futures Gain, Jobless Claims In Focus",2020-04-01 20:00:00-04:00,AAPL,2020-04-01,2020-04-01,0.5267,positive
Amazon Offers Prime Video Purchases On iOS As Apple Foregoes 30% Third-Party Tax,2020-04-01 20:00:00-04:00,AAPL,2020-04-01,2020-04-01,0.1779,positive
Is Roku Above Other Streamers – A SWOT Approach,2020-03-31 20:00:00-04:00,AAPL,2020-03-31,2020-03-31,0.0,neutral
"Hearing Apple, Goldman To Let Card Holders Defer April Payments",2020-03-31 20:00:00-04:00,AAPL,2020-03-31,2020-03-31,-0.296,negative
Apple Analyst Projects 'Multi-Quarter Impact' On iPhone Shipments From COVID-19 Pandemic,2020-03-31 20:00:00-04:00,AAPL,2020-03-31,2020-03-31,0.0,neutral
Some Staples Stocks Bouncing Back After Sliding In Recent Rally As Caution Tightens Grip,2020-03-31 20:00:00-04:00,AAPL,2020-03-31,2020-03-31,0.0,neutral
"Shares of several technology, semiconductor, and software companies are trading lower amid market weakness as macro concerns continue to grow as a result of the coronavirus pandemic. The White House said it expects a surge in cases over the next 2 weeks.",2020-03-31 20:00:00-04:00,AAPL,2020-03-31,2020-03-31,-0.4215,negative
"A Peek Into The Markets: US Stock Futures Tumble Ahead Of ADP, Manufacturing Reports",2020-03-31 20:00:00-04:00,AAPL,2020-03-31,2020-03-31,0.0,neutral
Here's How The 'MAGA' Tech Giant Stocks Performed In Q1,2020-03-31 20:00:00-04:00,AAPL,2020-03-31,2020-03-31,0.0,neutral
"Apple Acquires DarkSky, Weather App To Be Pulled From Android",2020-03-30 20:00:00-04:00,AAPL,2020-03-30,2020-03-30,0.0,neutral
What Google And Is Doing To Fight The Coronavirus,2020-03-30 20:00:00-04:00,AAPL,2020-03-30,2020-03-30,-0.3818,negative
Apple Acquires Dark Sky Weather App,2020-03-30 20:00:00-04:00,AAPL,2020-03-30,2020-03-30,0.0,neutral
"Strategist Channels His Inner Elsa, Says Apple Investors Need To Let It Go",2020-03-30 20:00:00-04:00,AAPL,2020-03-30,2020-03-30,0.0,neutral
Japan Display to Raise $200M by Selling Display Production Equipment to Overseas Client Said to be Apple,2020-03-30 20:00:00-04:00,AAPL,2020-03-30,2020-03-30,0.0,neutral
Ad Sales Decrease With Covid-19 But Digital Holds The Key,2020-03-29 20:00:00-04:00,AAPL,2020-03-29,2020-03-30,0.0,neutral
Shares of several technology companies are trading higher as equities continue to rise following last week's rebound amid US stimulus measures.,2020-03-29 20:00:00-04:00,AAPL,2020-03-29,2020-03-30,0.296,positive
"UBS Maintains Buy on Apple, Lowers Price Target to $290",2020-03-29 20:00:00-04:00,AAPL,2020-03-29,2020-03-30,-0.128,negative
Apple Supplier Foxconn's Profit Falls Nearly 25% Year-Over-Year: Report,2020-03-29 20:00:00-04:00,AAPL,2020-03-29,2020-03-30,0.4404,positive
8 Best Investment Strategies During A Recession,2020-03-28 20:00:00-04:00,AAPL,2020-03-28,2020-03-30,0.34,positive
Options Trading: What Is It And How To Do It?,2020-03-27 20:00:00-04:00,AAPL,2020-03-27,2020-03-27,0.0,neutral
Loup Ventures Says Believes Demand For 5G iPhone Will Be Initially Muted 'as it will reflect overall consumer demand in the fall which we expect to be soft'; Says Believes Apple Is 'One Of The Best Ways' To Invest In 5G Transformation,2020-03-26 20:00:00-04:00,AAPL,2020-03-26,2020-03-26,0.4939,positive
"Loup Ventures Says 'Taking the view that China production will remain stable (which can quickly change), the supply chain should be positioned to supply several million iPhones by the end of September, in line with supply for previous launches.'",2020-03-26 20:00:00-04:00,AAPL,2020-03-26,2020-03-26,0.296,positive
"Loup Ventures Says Believes It Is Still Likely Apple Will Host A Fall 5G iPhone Launch; Notes China Manufacturing And Assembly, Including Some Apple Partners Are Starting To Ramp Up Production",2020-03-26 20:00:00-04:00,AAPL,2020-03-26,2020-03-26,0.0,neutral
"For Some Companies, A Sliver Of Good News During COVID-19",2020-03-26 20:00:00-04:00,AAPL,2020-03-26,2020-03-26,0.4404,positive
"'New #COVID19 screening app developed by @Apple, in partnership with @CDCgov, @fema and the @WhiteHouse #coronavirus task force.' -VOA's Steve Herman",2020-03-26 20:00:00-04:00,AAPL,2020-03-26,2020-03-26,0.0,neutral
"Regional Banks, Other Cyclicals Saw Buying Interest Yesterday Amid Stimulus Hopes",2020-03-26 20:00:00-04:00,AAPL,2020-03-26,2020-03-26,0.7003,positive
"'Apple iPhone demand destruction 'intensifying,' says Cleveland Research' - Walter Bloomberg",2020-03-26 20:00:00-04:00,AAPL,2020-03-26,2020-03-26,-0.6369,negative
"Shares of several technology, semiconductor, and software companies are trading lower as a potential sell-off from this week's strength. While US stimulus legislation has boosted economic optimism, demand concerns still exist amid the coronavirus.",2020-03-26 20:00:00-04:00,AAPL,2020-03-26,2020-03-26,0.8271,positive
"1,000 Google Employees Volunteer To Help Expand Sister Company's Coronavirus Testing Program",2020-03-26 20:00:00-04:00,AAPL,2020-03-26,2020-03-26,0.6124,positive
Apple PCB Suppliers Dismiss Speculation about 5G iPhone Delay,2020-03-26 20:00:00-04:00,AAPL,2020-03-26,2020-03-26,-0.3182,negative
Huawei Releases Latest Flagship Phone Amid Global Coronavirus Lockdown,2020-03-26 20:00:00-04:00,AAPL,2020-03-26,2020-03-26,0.1027,positive
"Trump Lashes Out At Washington, Michigan Governors For Pandemic Response: 'We Don't Like To See The Complaints'",2020-03-26 20:00:00-04:00,AAPL,2020-03-26,2020-03-26,-0.5873,negative
Roku Or Netflix – Which One Is Better In The Near Term?,2020-03-25 20:00:00-04:00,AAPL,2020-03-25,2020-03-25,0.4404,positive
Tim Cook Announces Apple 10M Masks Donation To US Health Workers,2020-03-24 20:00:00-04:00,AAPL,2020-03-24,2020-03-24,0.0,neutral
Apple Shares Tank As Report Says New iPhone Launch Could Be Moved To Next Year,2020-03-24 20:00:00-04:00,AAPL,2020-03-24,2020-03-24,0.296,positive
"'Apple weighs delaying 5G iPhone launch by months, sources say' -Nikkei",2020-03-24 20:00:00-04:00,AAPL,2020-03-24,2020-03-24,0.0,neutral
"Apple's Tim Cook Says Has Been Able To 'Source 10M masks for the US and millions more' For Regions In Europe, Says ' Our ops teams are helping to find and purchase masks from our supply chain in coordination with governments around the world.'",2020-03-24 20:00:00-04:00,AAPL,2020-03-24,2020-03-24,0.296,positive
COVID-19 Crisis Could Make Big Tech Even Stronger,2020-03-24 20:00:00-04:00,AAPL,2020-03-24,2020-03-24,-0.3612,negative
"Tesla, Wayfair And Other Profitable Short Trades Could Get A Short Covering Boost",2020-03-24 20:00:00-04:00,AAPL,2020-03-24,2020-03-24,0.6808,positive
"'Huawei is set to release its #P40 phone series on Thursday, a move that analysts predicted could help push up its phone shipments and even surpass major counterpart @Apple in the short term' -Tweet From China's Global Times Biz",2020-03-24 20:00:00-04:00,AAPL,2020-03-24,2020-03-24,0.4019,positive
"Airline Shares Jump As Stimulus Agreement Offers Relief, While Nike Up On Earnings",2020-03-24 20:00:00-04:00,AAPL,2020-03-24,2020-03-24,0.8176,positive
"A Peek Into The Markets: US Stock Futures Surge After Senate, White House Strike Deal On Coronavirus Stimulus Package",2020-03-24 20:00:00-04:00,AAPL,2020-03-24,2020-03-24,-0.128,negative
Apple Said to be Accelerating Production Relocation Outside China,2020-03-24 20:00:00-04:00,AAPL,2020-03-24,2020-03-24,0.0,neutral
"Deutsche Bank Upgrades Apple to Buy, Announces $270 Price Target",2020-03-24 20:00:00-04:00,AAPL,2020-03-24,2020-03-24,0.0,neutral
120 Biggest Movers From Yesterday,2020-03-24 20:00:00-04:00,AAPL,2020-03-24,2020-03-24,0.0,neutral
'Apple Expects to Start Reopening Stores in First Half of April' -Bloomberg,2020-03-23 20:00:00-04:00,AAPL,2020-03-23,2020-03-23,0.0,neutral
Apple Expects Stores To Start Re-Opening In First Half On April,2020-03-23 20:00:00-04:00,AAPL,2020-03-23,2020-03-23,0.0,neutral
Apple Store Closures Could Leave Some Device Owners In The Lurch: Report,2020-03-23 20:00:00-04:00,AAPL,2020-03-23,2020-03-23,-0.0516,negative
75 Stocks Moving In Tuesday's Mid-Day Session,2020-03-23 20:00:00-04:00,AAPL,2020-03-23,2020-03-23,0.0,neutral
"Rise In Semiconductor, Cloud Computing Stocks Could Set Tone For Broader Economy",2020-03-23 20:00:00-04:00,AAPL,2020-03-23,2020-03-23,0.0,neutral
Shares of several technology companies are trading higher amid market strength on hopes of a US economic stimulus package agreement.,2020-03-23 20:00:00-04:00,AAPL,2020-03-23,2020-03-23,0.886,positive
26 Stocks Moving in Tuesday's Pre-Market Session,2020-03-23 20:00:00-04:00,AAPL,2020-03-23,2020-03-23,0.0,neutral
Twitter Expects Q1 Operating Loss As Pandemic Hurts Ad Sales,2020-03-22 20:00:00-04:00,AAPL,2020-03-22,2020-03-23,-0.6597,negative
Foxconn Has Secured Enough Workers To Meet 'Seasonal Demand' At All Major Chinese Plants,2020-03-22 20:00:00-04:00,AAPL,2020-03-22,2020-03-23,0.296,positive
"Shares of some technology companies are trading lower amid market volatility. Sunday's fiscal stimulus bill failed a procedural senate vote while the Fed on Monday announced stimulus measures. NOTE: Sector is mixed, with some names up for the session.",2020-03-22 20:00:00-04:00,AAPL,2020-03-22,2020-03-23,-0.5106,negative
"Nomura Instinet Maintains Neutral on Apple, Lowers Price Target to $225",2020-03-22 20:00:00-04:00,AAPL,2020-03-22,2020-03-23,-0.128,negative
"How Tim Cook, Mark Zuckerberg And Other Tech CEOs Are Helping Fight The Global Pandemic",2020-03-22 20:00:00-04:00,AAPL,2020-03-22,2020-03-23,-0.1027,negative
3 ETFs To Short The Dow,2020-03-22 20:00:00-04:00,AAPL,2020-03-22,2020-03-23,0.0,neutral
Apple Dropped Two-device Limit on Online Purchases of iPhones,2020-03-22 20:00:00-04:00,AAPL,2020-03-22,2020-03-23,0.0,neutral
Cisco Pledges $225M To Fight Global Coronavirus Pandemic,2020-03-22 20:00:00-04:00,AAPL,2020-03-22,2020-03-23,-0.3818,negative
"Barron's Picks And Pans: Big Tech Picks, Bank Stocks Large and Small And More",2020-03-20 20:00:00-04:00,AAPL,2020-03-20,2020-03-20,0.0,neutral
"Shares of several technology companies are trading higher. Market strength has been attributed to strong containment measures taken by California, rebound in oil, central bank actions and expectations of increased technology usage amid the virus outbreak.",2020-03-19 20:00:00-04:00,AAPL,2020-03-19,2020-03-19,0.8689,positive
Apple Limits Online iPhone Purchases To Two After Closing All Stores Outside China,2020-03-19 20:00:00-04:00,AAPL,2020-03-19,2020-03-19,0.0,neutral
Will Big Tech Come To The Rescue Against COVID-19?,2020-03-18 20:00:00-04:00,AAPL,2020-03-18,2020-03-18,0.5106,positive
"Canaccord Genuity Maintains Buy on Apple, Lowers Price Target to $300",2020-03-18 20:00:00-04:00,AAPL,2020-03-18,2020-03-18,-0.128,negative
"Oil Giants Persist In Paradoxical Behavior, But They Can Afford It",2020-03-17 20:00:00-04:00,AAPL,2020-03-17,2020-03-17,0.0,neutral
"Travel, Airline Stocks In Focus Amid Fresh Weakness; Amazon To Hire 100,000 Workers",2020-03-17 20:00:00-04:00,AAPL,2020-03-17,2020-03-17,0.0516,positive
"Shares of several technology, software and semiconductor companies are trading lower as equities sell off amid continued global coronavirus concerns. The virus has caused global economic disruption and negatively impacted stocks across sectors.",2020-03-17 20:00:00-04:00,AAPL,2020-03-17,2020-03-17,-0.3612,negative
Apple Unveils New iPad Pro And New MacBook Air,2020-03-17 20:00:00-04:00,AAPL,2020-03-17,2020-03-17,0.0,neutral
"UPDATE: Apple Previously Announced Closing Of Retail Locations Til Mar. 27, Now Says 'Until Further Notice'",2020-03-16 20:00:00-04:00,AAPL,2020-03-16,2020-03-16,0.0,neutral
Hearing Apple To Close All Retail Stores Until Further Notice,2020-03-16 20:00:00-04:00,AAPL,2020-03-16,2020-03-16,0.0,neutral
Apple shares are trading higher as tech stocks rebound following Monday's crash. Morgan Stanley analysts today maintained an overweight rating on the stock.,2020-03-16 20:00:00-04:00,AAPL,2020-03-16,2020-03-16,-0.4588,negative
"Trump Says Will Expand Medicare Telehealth Service Offers, Working With Skype, Apple For FaceTime",2020-03-16 20:00:00-04:00,AAPL,2020-03-16,2020-03-16,0.3182,positive
"Jefferies Reiterates Buy on Apple, Lowers Price Target to $320",2020-03-16 20:00:00-04:00,AAPL,2020-03-16,2020-03-16,-0.128,negative
10 Biggest Price Target Changes For Tuesday,2020-03-16 20:00:00-04:00,AAPL,2020-03-16,2020-03-16,0.0,neutral
"Morgan Stanley Maintains Overweight on Apple, Lowers Price Target to $328",2020-03-16 20:00:00-04:00,AAPL,2020-03-16,2020-03-16,-0.4588,negative
A Peek Into The Markets: US Stock Futures Gain Ahead Of Economic Reports,2020-03-16 20:00:00-04:00,AAPL,2020-03-16,2020-03-16,0.5267,positive
Apple Hit With $1.2B Fine By French Antitrust Authorities,2020-03-16 20:00:00-04:00,AAPL,2020-03-16,2020-03-16,0.2023,positive
110 Biggest Movers From Yesterday,2020-03-16 20:00:00-04:00,AAPL,2020-03-16,2020-03-16,0.0,neutral
So-Called 'MAGA' Stocks Lose $1T Market Value In A Single Day,2020-03-16 20:00:00-04:00,AAPL,2020-03-16,2020-03-16,-0.0772,negative
NBCUniversal Releases Movies On-Demand Same Time As Theaters Due To Coronavirus,2020-03-16 20:00:00-04:00,AAPL,2020-03-16,2020-03-16,0.0,neutral
McDonald's Switches To 'Walk-In-Take-Out' Model In All Company-Owned Restaurants Due To Coronavirus,2020-03-15 20:00:00-04:00,AAPL,2020-03-15,2020-03-16,0.0,neutral
"Amazon Hiring 100,000 Workers To Meet Increased Demand As Coronavirus Forces Social Distancing",2020-03-15 20:00:00-04:00,AAPL,2020-03-15,2020-03-16,0.3182,positive
Apple Analyst Says 'Uncertainty Remains Too High' To Buy The Dip,2020-03-15 20:00:00-04:00,AAPL,2020-03-15,2020-03-16,-0.34,negative
95 Stocks Moving In Monday's Mid-Day Session,2020-03-15 20:00:00-04:00,AAPL,2020-03-15,2020-03-16,0.0,neutral
5 Reasons Why Amazon Is Morgan Stanley's Top Pick,2020-03-15 20:00:00-04:00,AAPL,2020-03-15,2020-03-16,0.3612,positive
"Banks, Airlines, Apple Among Stocks Being Hit Hard Despite Fed Cutting Rates To Zero",2020-03-15 20:00:00-04:00,AAPL,2020-03-15,2020-03-16,-0.0077,neutral
22 Stocks Moving in Monday's Pre-Market Session,2020-03-15 20:00:00-04:00,AAPL,2020-03-15,2020-03-16,0.0,neutral
Apple shares are trading lower following a report suggesting the company was fined €1.1B by the French Competition Authority for anti-competitive behavior in its distribution network.,2020-03-15 20:00:00-04:00,AAPL,2020-03-15,2020-03-16,0.0772,positive
Apple Fined €1.1B byFrench Competition Authority for Anti-competitive Behaviour in Its Distribution Network,2020-03-15 20:00:00-04:00,AAPL,2020-03-15,2020-03-16,0.0772,positive
144 Biggest Movers From Friday,2020-03-15 20:00:00-04:00,AAPL,2020-03-15,2020-03-16,0.0,neutral
Walmart Shortens Store Operating Hours In Response To Coronavirus Outbreak,2020-03-15 20:00:00-04:00,AAPL,2020-03-15,2020-03-16,0.0,neutral
"Starbucks Switches To 'To Go' Model As Coronavirus Spreads, Closes Some Stores",2020-03-14 20:00:00-04:00,AAPL,2020-03-14,2020-03-16,0.0,neutral
Loup Ventures' Munster Says Apple 'Is Doing It Right' With Coronavirus Response,2020-03-14 20:00:00-04:00,AAPL,2020-03-14,2020-03-16,0.0,neutral
"Bulls And Bears Of The Week: Apple, Boeing, FANGs And More",2020-03-14 20:00:00-04:00,AAPL,2020-03-14,2020-03-16,0.0,neutral
Nike Stores Across The World To Temporarily Close,2020-03-14 20:00:00-04:00,AAPL,2020-03-14,2020-03-16,0.0,neutral
"Barron's Picks And Pans: Roundtable Picks, Airline And Oil Stocks, And More",2020-03-13 20:00:00-04:00,AAPL,2020-03-13,2020-03-13,0.0,neutral
All Apple Stores Outside Of China To Temporarily Close,2020-03-13 20:00:00-04:00,AAPL,2020-03-13,2020-03-13,0.0,neutral
Canopy Growth's Storz & Bickel Bypasses Apple's Vaping App Ban With New Web App,2020-03-12 20:00:00-04:00,AAPL,2020-03-12,2020-03-12,-0.5574,negative
88 Stocks Moving In Friday's Mid-Day Session,2020-03-12 20:00:00-04:00,AAPL,2020-03-12,2020-03-12,0.0,neutral
VirnetX Receives ~$454M Payment In Apple Suit,2020-03-12 20:00:00-04:00,AAPL,2020-03-12,2020-03-12,0.0,neutral
Apple's Worldwide Developers Conference 2020 To Be Held In Online Format,2020-03-12 20:00:00-04:00,AAPL,2020-03-12,2020-03-12,0.0,neutral
"Regulators Aiming To Break Of Big Tech Are Receiving ""Help"" From COVID-19",2020-03-12 20:00:00-04:00,AAPL,2020-03-12,2020-03-12,0.0,neutral
"Apple Gets Upgrade, Futures Reverse Downward Course As Washington Stimulus Awaited",2020-03-12 20:00:00-04:00,AAPL,2020-03-12,2020-03-12,-0.0258,neutral
Oracle Might Not Challenge Cloud Providers But Investors Are Pleased,2020-03-12 20:00:00-04:00,AAPL,2020-03-12,2020-03-12,0.5774,positive
Apple shares are trading higher after Wells Fargo upgraded the stock from Equal-Weight to Overweight and announced a $315 price target. NOTE: The overall market is also rebounding from Thursday's crash.,2020-03-12 20:00:00-04:00,AAPL,2020-03-12,2020-03-12,-0.25,negative
Apple Reopens All China Stores As Coronavirus Cases Drop In Country,2020-03-12 20:00:00-04:00,AAPL,2020-03-12,2020-03-12,-0.2732,negative
Apple Still Looks to Ship 90M AirPods in 2020,2020-03-12 20:00:00-04:00,AAPL,2020-03-12,2020-03-12,0.0,neutral
"Wells Fargo Upgrades Apple to Overweight, Announces $315 Price Target",2020-03-12 20:00:00-04:00,AAPL,2020-03-12,2020-03-12,-0.128,negative
Selling Picks Up In Worst Day Since 1987 As Fear Continues To Drive Markets Lower,2020-03-11 20:00:00-04:00,AAPL,2020-03-11,2020-03-11,-0.8591,negative
Financial Pro Says Trump 'Solidified' Fears Of Economic Slowdown,2020-03-11 20:00:00-04:00,AAPL,2020-03-11,2020-03-11,-0.4215,negative
E-Commerce Is Among The Lucky Ones With The Tools To Amortize The Coronavirus Blow,2020-03-11 20:00:00-04:00,AAPL,2020-03-11,2020-03-11,0.4019,positive
"Technical Pro: Apple A 'Great Company,' Not A 'Great Stock' Right Now",2020-03-11 20:00:00-04:00,AAPL,2020-03-11,2020-03-11,0.8481,positive
"Shares of several technology, software and semiconductor companies are trading lower as equities sell off amid continued global coronavirus concerns. The virus has caused global economic disruption and negatively impacted stocks across sectors.",2020-03-11 20:00:00-04:00,AAPL,2020-03-11,2020-03-11,-0.3612,negative
CME To Shut Down Chicago Trading Floor Over Coronavirus Concerns,2020-03-10 20:00:00-04:00,AAPL,2020-03-10,2020-03-10,0.0,neutral
Here's How Large Option Traders Are Playing High-Yield AT&T As Market Falls,2020-03-10 20:00:00-04:00,AAPL,2020-03-10,2020-03-10,0.2023,positive
Apple To Close All Italy Stores Until Further Notice,2020-03-10 20:00:00-04:00,AAPL,2020-03-10,2020-03-10,0.0,neutral
"Despite Volatility, FANG Continues to Prove Its Popularity",2020-03-10 20:00:00-04:00,AAPL,2020-03-10,2020-03-10,0.4767,positive
"UPDATE: BofA Securities On Apple Notes 'We reiterate Buy on large cash balance/optionality, expected new buyback authorization in April and upcoming 5G cycle'",2020-03-10 20:00:00-04:00,AAPL,2020-03-10,2020-03-10,0.296,positive
"UPDATE: BofA Securities Reiterates Buy On Apple, Lowers Target To $320 As Firm Notes 'Lowering estimates on weaker global demand, some delay in product launches'",2020-03-10 20:00:00-04:00,AAPL,2020-03-10,2020-03-10,-0.7184,negative
BofA Lowers Apple Price Target Due To Potential Delay In Product Launches,2020-03-10 20:00:00-04:00,AAPL,2020-03-10,2020-03-10,-0.4215,negative
"As Market Gyrates, Investors Seek Direction From Large Stocks Including Apple, Microsoft",2020-03-10 20:00:00-04:00,AAPL,2020-03-10,2020-03-10,0.0,neutral
Only Technology Can Save And Lead The Automotive Industry Forward,2020-03-10 20:00:00-04:00,AAPL,2020-03-10,2020-03-10,0.4939,positive
Coronavirus – Another Severe Hit To The Automotive Industry,2020-03-10 20:00:00-04:00,AAPL,2020-03-10,2020-03-10,-0.3818,negative
"B of A Securities Reiterates Buy on Apple, Lowers Price Target to $320",2020-03-10 20:00:00-04:00,AAPL,2020-03-10,2020-03-10,0.1779,positive
"Hearing B of A Securities Maintains Buy On Apple, Lowers Target From $350 to $320",2020-03-10 20:00:00-04:00,AAPL,2020-03-10,2020-03-10,0.1779,positive
"Shares of several companies in the technology, software and semiconductor space are trading lower as equities sell off amid coronavirus fears. The virus spread has disrupted economic activity across sectors and caused global macro uncertainty.",2020-03-10 20:00:00-04:00,AAPL,2020-03-10,2020-03-10,-0.6369,negative
Google Asks All North American Employees To Work From Home As Coronavirus Spreads,2020-03-10 20:00:00-04:00,AAPL,2020-03-10,2020-03-10,0.0,neutral
Peloton Shares Tick To Session Low As Hearing Report Apple Working On 'Guided Workout' Fitness App,2020-03-09 20:00:00-04:00,AAPL,2020-03-09,2020-03-09,0.296,positive
Morning Market Stats In 5 Minutes,2020-03-09 20:00:00-04:00,AAPL,2020-03-09,2020-03-09,0.0,neutral
The Main Challenges Faced By The Upcoming EV Era,2020-03-09 20:00:00-04:00,AAPL,2020-03-09,2020-03-09,0.0772,positive
Jedi Wars Between Amazon And Microsoft Are Still Very Much On,2020-03-09 20:00:00-04:00,AAPL,2020-03-09,2020-03-09,-0.4404,negative
"Airlines Continue Suffering As Delta, American Announce Schedule Cuts, But Crude Bounces",2020-03-09 20:00:00-04:00,AAPL,2020-03-09,2020-03-09,-0.8271,negative
Shares of several technology companies are trading higher as markets look to rebound from Monday's selloff. The technology sector has been highly impacted by the coronavirus due to its China exposure and sensitivity to economic conditions.,2020-03-09 20:00:00-04:00,AAPL,2020-03-09,2020-03-09,0.296,positive
"UBS Maintains Buy on Apple, Lowers Price Target to $335",2020-03-09 20:00:00-04:00,AAPL,2020-03-09,2020-03-09,-0.128,negative
123 Biggest Movers From Yesterday,2020-03-09 20:00:00-04:00,AAPL,2020-03-09,2020-03-09,0.0,neutral
Crude Awakening: Energy Sector Takes A 20% Spill As Crude Price War Sends Oil To 4-Year Low,2020-03-08 20:00:00-04:00,AAPL,2020-03-08,2020-03-09,-0.9062,negative
Investor Movement Index Summary: February 2020,2020-03-08 20:00:00-04:00,AAPL,2020-03-08,2020-03-09,0.0,neutral
101 Stocks Moving In Monday's Mid-Day Session,2020-03-08 20:00:00-04:00,AAPL,2020-03-08,2020-03-09,0.0,neutral
"How Cannabis Company Cannaphyll Is Marketing On Mass-Consumer Platforms, Google And Amazon",2020-06-10 13:18:50-04:00,AMZN,2020-06-10,2020-06-10,0.1779,positive
Tech Stocks And FAANGS Strong Again To Start Day As Market Awaits Fed,2020-06-10 11:33:26-04:00,AMZN,2020-06-10,2020-06-10,0.5574,positive
"Benzinga Pro's Top 5 Stocks To Watch For Wed., Jun. 10, 2020: AAPL, BAC, NIO, SONO, GLW",2020-06-10 07:53:47-04:00,AMZN,2020-06-10,2020-06-10,0.2023,positive
"Hearing Vertical Group Out Positive On Amazon, Saying Co.'s Ad Spend Revenues Are Increasing As Shipping Bottleneck Issues Begin To Abate",2020-06-10 07:20:03-04:00,AMZN,2020-06-10,2020-06-10,0.6486,positive
Big Tech Reaches New Record Heights At The Stock Market,2020-06-10 00:52:01-04:00,AMZN,2020-06-10,2020-06-10,0.0516,positive
"Twitter, Square Will Mark Juneteenth As Holiday To Honor African-American Culture",2020-06-10 00:28:00-04:00,AMZN,2020-06-10,2020-06-10,0.7096,positive
'Inside Amazon's plan to test warehouse workers for Covid-19 every two weeks' -Earlier CNBC Report,2020-06-09 14:52:04-04:00,AMZN,2020-06-09,2020-06-09,0.0,neutral
"BofA Raises Amazon Target On Sales Upside, Accelerating Unit Growth",2020-06-09 12:35:22-04:00,AMZN,2020-06-09,2020-06-09,0.5106,positive
Amazon shares are trading higher despite market weakness. Not currently seeing company-specific news.,2020-06-09 12:13:54-04:00,AMZN,2020-06-09,2020-06-09,0.6407,positive
"IRS Alerts Against Criminals Profiteering From Fake Coronavirus Treatments, Charities, Phishing, Other Financial Fraud",2020-06-09 11:36:51-04:00,AMZN,2020-06-09,2020-06-09,-0.8402,negative
4 Blue Chips That Lived Up To Their Title During the Pandemic,2020-06-01 20:00:00-04:00,AMZN,2020-06-01,2020-06-01,0.0,neutral
"How Cameo, Facebook And Peloton Are Embracing Coronavirus Disruption",2020-06-01 20:00:00-04:00,AMZN,2020-06-01,2020-06-01,-0.3612,negative
Tesla CEO Musk Says Other Three Officers Should Be Charged In Floyd's Murder Case,2020-06-01 20:00:00-04:00,AMZN,2020-06-01,2020-06-01,-0.7579,negative
"Pepper Spray, Books On Racism, 'I Can't Breathe' Merchandise Are Top Sellers On Amazon As Protests Rage",2020-06-01 20:00:00-04:00,AMZN,2020-06-01,2020-06-01,-0.7964,negative
Amazon Looks To Establish Supply Chain Trust With New Blockchain Patent,2020-05-31 20:00:00-04:00,AMZN,2020-05-31,2020-06-01,0.6124,positive
Making Sense Of Why Consumers Are Switching Their Grocery Store Habits,2020-05-31 20:00:00-04:00,AMZN,2020-05-31,2020-06-01,0.0,neutral
"Amazon Curtails Some Service, Highways Closed, As Protests Impact Freight And Driver Safety",2020-05-31 20:00:00-04:00,AMZN,2020-05-31,2020-06-01,0.3818,positive
How Social Media Stocks Fared During The Pandemic,2020-05-31 20:00:00-04:00,AMZN,2020-05-31,2020-06-01,0.0,neutral
"Gun, Security Stocks Trade Higher After Weekend Protests Turn Violent And Destructive",2020-05-31 20:00:00-04:00,AMZN,2020-05-31,2020-06-01,-0.8689,negative
10 Biggest Price Target Changes For Monday,2020-05-31 20:00:00-04:00,AMZN,2020-05-31,2020-06-01,0.0,neutral
"Amazon Files for Mixed Shelf Offering, Size Not Disclosed",2020-05-31 20:00:00-04:00,AMZN,2020-05-31,2020-06-01,0.1779,positive
"Morgan Stanley Maintains Overweight on Amazon.com, Raises Price Target to $2800",2020-05-31 20:00:00-04:00,AMZN,2020-05-31,2020-06-01,-0.3612,negative
The 'Real' S&P 500 And Why The Current Rally Makes Sense,2020-05-31 20:00:00-04:00,AMZN,2020-05-31,2020-06-01,0.0,neutral
"UK Supply Chain Startup Beacon Raises $15M From Amazon CEO, Others",2020-05-31 20:00:00-04:00,AMZN,2020-05-31,2020-06-01,0.1779,positive
"Apple CEO Writes To Employees About George Floyd Death, Urges For 'Better, More Just World For Everyone'",2020-05-31 20:00:00-04:00,AMZN,2020-05-31,2020-06-01,-0.5994,negative
"Amazon, Apple, Walmart, Other Retailers Shutter Stores, Scale Back Operations In Areas Worst Hit With Protests",2020-05-30 20:00:00-04:00,AMZN,2020-05-30,2020-06-01,-0.6486,negative
Amazon Company Spokesperson Says Adjusted Routes or Scaled Back Typical Delivery Operations to Ensure Safety of Its Teams in Handful of U.S. Cities,2020-05-30 20:00:00-04:00,AMZN,2020-05-30,2020-06-01,0.7269,positive
Jeff Bezos Buying Stake in UK Startup Beacon,2020-05-30 20:00:00-04:00,AMZN,2020-05-30,2020-06-01,0.0,neutral
"Benzinga's Bulls And Bears Of The Week: Amazon, Disney, Netflix And More",2020-05-29 20:00:00-04:00,AMZN,2020-05-29,2020-05-29,0.1779,positive
FedEx named as suitor for German parcel company,2020-05-28 20:00:00-04:00,AMZN,2020-05-28,2020-05-28,0.0,neutral
"Fandom, America's Navy Partner For Warzone Tournament To Celebrate National Military Appreciation Month",2020-05-28 20:00:00-04:00,AMZN,2020-05-28,2020-05-28,0.7906,positive
"Amazon Offers Full-Time Employment To 125,000 Workers Hired To Meet Increased Demand During Pandemic",2020-05-28 20:00:00-04:00,AMZN,2020-05-28,2020-05-28,0.3182,positive
"UPS Slaps 'Peak' Surcharge On Amazon, Walmart, Others, As Delivery Requests Balloon Post Lockdown Ease",2020-05-28 20:00:00-04:00,AMZN,2020-05-28,2020-05-28,0.4939,positive
"'Amazon's website is down for many users across the US' -Tweet From Business Insider; BZ NOTE: Benzinga Reporters In NYC, Detroit Not Experiencing Issues",2020-05-27 20:00:00-04:00,AMZN,2020-05-27,2020-05-27,0.2808,positive
"Here's How Amazon Could Become A Threat To Tesla, Ford And More With Zoox Buy",2020-05-27 20:00:00-04:00,AMZN,2020-05-27,2020-05-27,-0.4019,negative
"'Rivian reopens factory, delays electric pickup/SUV, but Amazon delivery van is still on time' -Electrek Report",2020-05-27 20:00:00-04:00,AMZN,2020-05-27,2020-05-27,0.2617,positive
Hearing Amazon Has Said It Will Keep 125K Of 175K Jobs Added During Pandemic As Permanent Positions,2020-05-27 20:00:00-04:00,AMZN,2020-05-27,2020-05-27,0.1779,positive
E-commerce Drives Multi-Pronged Expansion At UPS Airlines,2020-05-26 20:00:00-04:00,AMZN,2020-05-26,2020-05-26,0.0,neutral
"Amazon Is Serious About Self-Driving Technology, Eyeing Multi-Billion Dollar Acquisition",2020-05-26 20:00:00-04:00,AMZN,2020-05-26,2020-05-26,0.1027,positive
Bezos Says Amazon's Strategy Is To Undercharge For Prime Membership Relative TO ITs value For Customers,2020-05-26 20:00:00-04:00,AMZN,2020-05-26,2020-05-26,0.34,positive
Same Old Leadership Song Lifts These Leveraged ETFs,2020-05-26 20:00:00-04:00,AMZN,2020-05-26,2020-05-26,0.0,neutral
These 10 Stocks Have Surged During The Coronavirus Pandemic,2020-05-26 20:00:00-04:00,AMZN,2020-05-26,2020-05-26,0.0,neutral
"A Peek Into The Markets: US Stock Futures Surge Ahead Of HP Earnings, Beige Book Report",2020-05-26 20:00:00-04:00,AMZN,2020-05-26,2020-05-26,0.0,neutral
"6 Stocks To Watch For May 27, 2020",2020-05-26 20:00:00-04:00,AMZN,2020-05-26,2020-05-26,0.0,neutral
11 Local News Stations Ran Amazon Produced Content Praising Company's Health And Safety Efforts,2020-05-26 20:00:00-04:00,AMZN,2020-05-26,2020-05-26,0.7906,positive
Amazon Looks To Double-Down On Self-Driving Tech With Zoox Acquisition: WSJ,2020-05-26 20:00:00-04:00,AMZN,2020-05-26,2020-05-26,0.1779,positive
"Trump Gets Mad Over Fact Check Warning On Twitter, Claims Election Interference",2020-05-26 20:00:00-04:00,AMZN,2020-05-26,2020-05-26,-0.6808,negative
Amazon in Advanced Talks to Buy Self-Driving-Car Tech Company Zoox; Deal Expected to Value Zoox at Less Than Its Private Valuation,2020-05-25 20:00:00-04:00,AMZN,2020-05-25,2020-05-26,0.6249,positive
Amazon Expects To Invest $4B Apr.-June On Covid Initiatives,2020-05-25 20:00:00-04:00,AMZN,2020-05-25,2020-05-26,0.1779,positive
"Aircraft Prices, E-Commerce Conditions Are Ripe For Amazon Air, Says Bullish BofA",2020-05-25 20:00:00-04:00,AMZN,2020-05-25,2020-05-26,0.1779,positive
"'Amazon is looking to invest in localized podcast content, like news and sports' -Axios, Citing Sources",2020-05-25 20:00:00-04:00,AMZN,2020-05-25,2020-05-26,0.4939,positive
In Consumers We Trust: 3 Leveraged ETFs That Surged In April,2020-05-25 20:00:00-04:00,AMZN,2020-05-25,2020-05-26,0.5106,positive
"'FAANG Stocks Are Strong Once Again,' Facebook, Amazon, Netflix Hit Record Highs Last Week",2020-05-25 20:00:00-04:00,AMZN,2020-05-25,2020-05-26,0.6124,positive
Amazon Shareholders Demand Disclosures On COVID-19 Worker Safety,2020-05-25 20:00:00-04:00,AMZN,2020-05-25,2020-05-26,0.4588,positive
"Barron's Picks And Pans: Dropbox, Slack, Starbucks And More",2020-05-22 20:00:00-04:00,AMZN,2020-05-22,2020-05-22,0.0,neutral
3 Tips To Make Money In The Stock Market,2020-05-21 20:00:00-04:00,AMZN,2020-05-21,2020-05-21,0.0,neutral
The Secret to Tech's Resilience to COVID-19- Infrastructure Expansion,2020-05-21 20:00:00-04:00,AMZN,2020-05-21,2020-05-21,0.0,neutral
A Peek Into The Markets: US Stock Futures Down Ahead Of Three-Day Weekend,2020-05-21 20:00:00-04:00,AMZN,2020-05-21,2020-05-21,0.0,neutral
Amazon Reschedules Prime Day to September As It Tries To Restore Pre-Pandemic Operations,2020-05-21 20:00:00-04:00,AMZN,2020-05-21,2020-05-21,0.4404,positive
"KKR To Invest $1.5B In India's Jio Platforms, Joins Facebook, Three Other US Firms As Stakeholders",2020-05-21 20:00:00-04:00,AMZN,2020-05-21,2020-05-21,0.0,neutral
"Here's How Much Investing $1,000 In The 2015 Shopify IPO Would Be Worth Today",2020-05-20 20:00:00-04:00,AMZN,2020-05-20,2020-05-20,0.2263,positive
Making Sense Of Walmart's Decision To Close Jet.com: 'Mission Accomplished',2020-05-20 20:00:00-04:00,AMZN,2020-05-20,2020-05-20,0.4404,positive
COVID-19 Has Dimmed The Magic Of e-Commerce,2020-05-20 20:00:00-04:00,AMZN,2020-05-20,2020-05-20,0.0,neutral
"New Investors Pile In, Fuel Record Rise In Account Openings, Trading Volumes",2020-05-20 20:00:00-04:00,AMZN,2020-05-20,2020-05-20,0.0,neutral
3 Ways Small Businesses Can Get Emergency Help Right Now,2020-05-20 20:00:00-04:00,AMZN,2020-05-20,2020-05-20,0.0258,neutral
Stocks That Hit 52-Week Highs On Thursday,2020-05-20 20:00:00-04:00,AMZN,2020-05-20,2020-05-20,0.0,neutral
Target And Walmart Prove There's Still Some Life In Retail,2020-05-20 20:00:00-04:00,AMZN,2020-05-20,2020-05-20,0.0,neutral
Climate Change: Up And Down Pattern Continues As Week Advances And Powell Awaited,2020-05-20 20:00:00-04:00,AMZN,2020-05-20,2020-05-20,-0.0258,neutral
Amazon Pushes Prime Day To To September,2020-05-20 20:00:00-04:00,AMZN,2020-05-20,2020-05-20,0.1779,positive
"Amazon Issues Press Release Highlighting 'Crucible,' Its Free-To-Play Shooter Game",2020-05-19 20:00:00-04:00,AMZN,2020-05-19,2020-05-19,0.1779,positive
"A Challenge To Amazon, As Microsoft And FedEx Enter Multiyear Collaboration",2020-05-19 20:00:00-04:00,AMZN,2020-05-19,2020-05-19,0.25,positive
'Crucible' Is Out: Here's Everything You Need To Know About Amazon's First Video Game,2020-05-19 20:00:00-04:00,AMZN,2020-05-19,2020-05-19,0.0,neutral
Facebook's New Shopping Feature Lifts Stock To All-Time Highs,2020-05-19 20:00:00-04:00,AMZN,2020-05-19,2020-05-19,0.0,neutral
Stocks That Hit 52-Week Highs On Wednesday,2020-05-19 20:00:00-04:00,AMZN,2020-05-19,2020-05-19,0.0,neutral
"'Amazon launches its first big-budget game, a shooter called Crucible' -Tweet From CNBC",2020-05-19 20:00:00-04:00,AMZN,2020-05-19,2020-05-19,0.1779,positive
Facebook Plans To Resume Work In Office In July At 25% Capacity And Safety Measures In Place,2020-05-19 20:00:00-04:00,AMZN,2020-05-19,2020-05-19,0.4215,positive
Alibaba Invests $1.4B In AI And Internet of Things Systems For Its Smart Speakers,2020-05-19 20:00:00-04:00,AMZN,2020-05-19,2020-05-19,0.4019,positive
McDonald's Faces Class Action Over Lack Of Worker Protection Against Coronavirus,2020-05-19 20:00:00-04:00,AMZN,2020-05-19,2020-05-19,-0.3182,negative
Opinion: Is Amazon Really A Winner Of The Pandemic?,2020-05-18 20:00:00-04:00,AMZN,2020-05-18,2020-05-18,0.6997,positive
"Amazon Announces New Fulfillment Center In Wilmington, Delaware",2020-05-18 20:00:00-04:00,AMZN,2020-05-18,2020-05-18,0.1779,positive
"Walmart Earnings Look Strong Across the Board, But Home Depot Down After Missing on EPS",2020-05-18 20:00:00-04:00,AMZN,2020-05-18,2020-05-18,-0.1655,negative
Women's Wear Daily On Monday Published Article 'Hear Amazon in Talks With Penney's',2020-05-18 20:00:00-04:00,AMZN,2020-05-18,2020-05-18,0.1779,positive
'Hear Amazon in Talks With Penney's' -Yesterday WWD Report,2020-05-18 20:00:00-04:00,AMZN,2020-05-18,2020-05-18,0.1779,positive
Amazon Warehouse Workers In Seattle Area Can Now Have Access To Company's Virtual Medical Clinic,2020-05-18 20:00:00-04:00,AMZN,2020-05-18,2020-05-18,0.1779,positive
Walmart Earnings Ahead: Sales Figures May Offer Outlook For Spending During Coronavirus Lockdown,2020-05-17 20:00:00-04:00,AMZN,2020-05-17,2020-05-18,0.0,neutral
Does Amazon's Jeff Bezos Smoke Weed?,2020-05-17 20:00:00-04:00,AMZN,2020-05-17,2020-05-18,0.0,neutral
"Walmart, Target And Home Depot Among Major Retailers Set To Report Earnings In Days Ahead",2020-05-17 20:00:00-04:00,AMZN,2020-05-17,2020-05-18,0.0,neutral
Morning Market Stats in 5 Minutes,2020-05-17 20:00:00-04:00,AMZN,2020-05-17,2020-05-18,0.0,neutral
"Already Soaring, This Online Retail ETF Has E-Commerce Trends In Its Favor",2020-05-17 20:00:00-04:00,AMZN,2020-05-17,2020-05-18,0.4019,positive
"General Atlantic To Invest $871M In India's Jio Platform, Joining Facebook, Vista, Silver Lake As Stakeholders",2020-05-17 20:00:00-04:00,AMZN,2020-05-17,2020-05-18,0.0,neutral
"Barron's Picks And Pans: Cisco, Gilead, Netflix, Wayfair And More",2020-05-16 20:00:00-04:00,AMZN,2020-05-16,2020-05-18,0.0,neutral
"Q1 13F Roundup: How Buffett, Einhorn, Ackman And Others Adjusted Their Portfolios",2020-05-15 20:00:00-04:00,AMZN,2020-05-15,2020-05-15,0.0,neutral
"Seth 'Scump' Abner Slams 'Call Of Duty: Modern Warfare,' Claims 'Warzone' Saved It",2020-05-15 20:00:00-04:00,AMZN,2020-05-15,2020-05-15,0.4215,positive
13F For Buffett's Berkshire Shows Cut Stake In Amazon From 537.3K To ~533.3K Shares,2020-05-14 20:00:00-04:00,AMZN,2020-05-14,2020-05-14,0.2023,positive
13F From Appaloosa Shows Cut Stake In Amazon From 291.5K To 250K Shares,2020-05-14 20:00:00-04:00,AMZN,2020-05-14,2020-05-14,0.2023,positive
How Supply Chain Partners Can Help Drive The Triple Bottom Line,2020-05-14 20:00:00-04:00,AMZN,2020-05-14,2020-05-14,0.4019,positive
"Hedge Fund Duquesne 13F Shows Increased Stakes In Facebook, Alibaba, Netflix, Amazon, Google, Alnylman",2020-05-14 20:00:00-04:00,AMZN,2020-05-14,2020-05-14,0.4215,positive
USPS on horns of dilemma as it weighs parcel rate hikes,2020-05-14 20:00:00-04:00,AMZN,2020-05-14,2020-05-14,-0.1779,negative
"Here's How Much Investing $1,000 In Amazon's IPO Would Be Worth Today",2020-05-14 20:00:00-04:00,AMZN,2020-05-14,2020-05-14,0.2263,positive
Quick Retreat: Impressive Thursday Turnaround Halted in Its Tracks Amid Fresh Trade Tiff,2020-05-14 20:00:00-04:00,AMZN,2020-05-14,2020-05-14,0.7506,positive
3 ETFs With Big-Time Shopify Exposure,2020-05-14 20:00:00-04:00,AMZN,2020-05-14,2020-05-14,0.0,neutral
"Mark Cuban On Consumer Demand, Small Businesses Dilemma And Market Uncertainty",2020-05-14 20:00:00-04:00,AMZN,2020-05-14,2020-05-14,-0.5574,negative
A Peek Into The Markets: US Stock Futures Up Ahead Of Economic Reports,2020-05-14 20:00:00-04:00,AMZN,2020-05-14,2020-05-14,0.0,neutral
Amazon Said to be Looking at Additional Fairway Locations,2020-05-14 20:00:00-04:00,AMZN,2020-05-14,2020-05-14,0.1779,positive
Amazon To Manufacture Face Shields And Sell Them At Cost,2020-05-14 20:00:00-04:00,AMZN,2020-05-14,2020-05-14,0.1779,positive
Today's Pickup: COVID-19 Gives Smaller e-Commerce Firms A Chance Against Amazon,2020-05-13 20:00:00-04:00,AMZN,2020-05-13,2020-05-13,0.4019,positive
Commentary: Trade Flow And The Warning Flares It Signals,2020-05-13 20:00:00-04:00,AMZN,2020-05-13,2020-05-13,-0.34,negative
P/E Ratio Insights for Amazon.com,2020-05-13 20:00:00-04:00,AMZN,2020-05-13,2020-05-13,0.0,neutral
Hearing KeyBanc Saying Amazon Launched Common Threads Vogue Thurs. Morning,2020-05-13 20:00:00-04:00,AMZN,2020-05-13,2020-05-13,0.296,positive
Amazon Calls For Federal Law Against Price Gouging During National Crises,2020-05-13 20:00:00-04:00,AMZN,2020-05-13,2020-05-13,0.1779,positive
"Investor 'Bill Miller doesn't see market as 'dramatically overvalued,' says Amazon could double in 3 years' -Tweet From CNBC",2020-05-12 20:00:00-04:00,AMZN,2020-05-12,2020-05-12,0.1779,positive
"Retail Pro Says Giants Like Amazon, Walmart Will Prevail After Coronavirus: 'It's Not Fair'",2020-05-12 20:00:00-04:00,AMZN,2020-05-12,2020-05-12,0.3045,positive
Amazon Extended Increased Hourly Pay Through May 30,2020-05-12 20:00:00-04:00,AMZN,2020-05-12,2020-05-12,0.34,positive
"Amazon To Extend Double Overtime Pay In US, Canada",2020-05-12 20:00:00-04:00,AMZN,2020-05-12,2020-05-12,0.25,positive
What To Know About The Conflicting AMC Entertainment-AMC Networks Rumors,2020-05-12 20:00:00-04:00,AMZN,2020-05-12,2020-05-12,-0.4019,negative
Financial Stocks Could Be In Focus Today After Powell Speech; Cisco Reports This Afternoon,2020-05-12 20:00:00-04:00,AMZN,2020-05-12,2020-05-12,0.0,neutral
3 ETFs To Order Out With If Uber Buys GrubHub,2020-05-12 20:00:00-04:00,AMZN,2020-05-12,2020-05-12,0.0,neutral
Amazon to Extend France Warehouse Closures to May 18,2020-05-12 20:00:00-04:00,AMZN,2020-05-12,2020-05-12,0.34,positive
Amazon Says One-Day Deliveries Of Non-Essential Goods To Restart In Coming Weeks,2020-05-12 20:00:00-04:00,AMZN,2020-05-12,2020-05-12,0.1779,positive
Here's What Kara Swisher And Chamath Palihapitiya Think About Elon Musk's Threats To Leave California,2020-05-11 20:00:00-04:00,AMZN,2020-05-11,2020-05-11,-0.4588,negative
"Caution Ahead: Biggest Blue-Chips Seek Change, Innovation Post-COVID-19",2020-05-11 20:00:00-04:00,AMZN,2020-05-11,2020-05-11,0.3818,positive
AMC's Stock Still In The Spotlight As Wall Street Digests Amazon Rumor,2020-05-11 20:00:00-04:00,AMZN,2020-05-11,2020-05-11,0.1779,positive
PreMarket Prep Stock Of The Day: Simon Property Group,2020-05-11 20:00:00-04:00,AMZN,2020-05-11,2020-05-11,0.0,neutral
"Amazon Shares Unaffected Amid Report Coalition Of 13 US Attorney Generals Have Asked Co. To Provide Data About Infections, Deaths Among Its Workers, Evidence Co Is In Compliance With State Paid Sick Leave Laws",2020-05-11 20:00:00-04:00,AMZN,2020-05-11,2020-05-11,-0.1531,negative
Amazon Air Picks San Bernardino Airport For Western Hub,2020-05-11 20:00:00-04:00,AMZN,2020-05-11,2020-05-11,0.1779,positive
Not Just Fun And Games: How Esports Could Offer Potential Investment Opportunities,2020-05-11 20:00:00-04:00,AMZN,2020-05-11,2020-05-11,-0.0263,neutral
"With This NASDAQ-100 Soaring, Don't Forget This ETF",2020-05-11 20:00:00-04:00,AMZN,2020-05-11,2020-05-11,0.1695,positive
Amazon Releases AI-Based Enterprise Search Solution Kendra,2020-05-11 20:00:00-04:00,AMZN,2020-05-11,2020-05-11,0.4588,positive
3 Soaring Cloud Computing ETFs,2020-05-10 20:00:00-04:00,AMZN,2020-05-10,2020-05-11,0.0,neutral
"'A Movie Studio Could Buy AMC, Even if Amazon Isn't Interested' -Barron's Article",2020-05-10 20:00:00-04:00,AMZN,2020-05-10,2020-05-11,-0.1426,negative
"'Amazon needs movies more than a multiplex' -BNN Bloomberg; Mentions 'Lions Gate Entertainment Corp., ViacomCBS Inc.'s Paramount Pictures, Sony Pictures and Metro-Goldwyn-Mayer Inc. are all options and may be willing sellers'",2020-05-10 20:00:00-04:00,AMZN,2020-05-10,2020-05-11,0.5423,positive
PreMarket Prep Stock Of The Day: AMC Entertainment,2020-05-10 20:00:00-04:00,AMZN,2020-05-10,2020-05-11,0.4215,positive
Amazon Might Be Looking To Buy Struggling AMC Theaters: Report,2020-05-10 20:00:00-04:00,AMZN,2020-05-10,2020-05-11,-0.2732,negative
"AMC Shares Fall To Session Low, Still Up 30% For Session; Traders Circulate Deadline Article Suggesting Co. Sources Say No Talks With Amazon Happening",2020-05-10 20:00:00-04:00,AMZN,2020-05-10,2020-05-11,-0.1027,negative
AMC Shares Largely Unaffected As Traders Circulate Word CNBC's David Faber Questioned Amazon Rumor,2020-05-10 20:00:00-04:00,AMZN,2020-05-10,2020-05-11,0.3612,positive
"Shares Of AMC Up 71% Pre-Market After Traders Circulate Daily Mail Report That Amazon Is In Talks With Odeon Cinemas, Which AMC Owns",2020-05-10 20:00:00-04:00,AMZN,2020-05-10,2020-05-11,0.4404,positive
"Benzinga Pro's Top 5 Stocks To Watch For Mon., May 11, 2020: SNE, CNK, MRNA, WORK, KMX",2020-05-10 20:00:00-04:00,AMZN,2020-05-10,2020-05-11,0.2023,positive
"Daily Mail, Citing Sources, Reports Amazon Is 'Circling' AMC Theaters, Says 'The duo are said to have held talks about a potential takeover of AMC by Amazon'",2020-05-10 20:00:00-04:00,AMZN,2020-05-10,2020-05-11,0.34,positive
Former Google CEO Eric Schmidt Cut Last Ties With The Company: Report,2020-05-10 20:00:00-04:00,AMZN,2020-05-10,2020-05-11,-0.2732,negative
"Amazon Worker Claims At Least 600 Employees Struck By COVID-19, Six Dead",2020-05-09 20:00:00-04:00,AMZN,2020-05-09,2020-05-11,-0.6808,negative
"Barron's Picks And Pans: Boyd Gaming, Domino's Pizza, Exxon And More",2020-05-08 20:00:00-04:00,AMZN,2020-05-08,2020-05-08,0.0,neutral
"Along With Dramatic Jobs Data, Investors Scrutinize Recent Earnings From Uber, Square",2020-05-07 20:00:00-04:00,AMZN,2020-05-07,2020-05-07,0.0,neutral
"Vista Equity Invests $1.5B In India's Jio Platforms, Joining Facebook, Silver Lake As Stakeholders",2020-05-07 20:00:00-04:00,AMZN,2020-05-07,2020-05-07,0.0,neutral
Former XPO Executive Tapped To Head US Postal Service,2020-05-06 20:00:00-04:00,AMZN,2020-05-06,2020-05-06,0.0,neutral
Amazon Says Planning To Prolong Closure Of French Warehouses Until May 13,2020-05-06 20:00:00-04:00,AMZN,2020-05-06,2020-05-06,0.1779,positive
'Cramer: Coronavirus could propel plant-based Beyond Meat into a giant like Amazon or Facebook' -CNBC Article,2020-05-06 20:00:00-04:00,AMZN,2020-05-06,2020-05-06,0.4939,positive
Amazon Weighs Direct Investment in India's Future Retail,2020-05-06 20:00:00-04:00,AMZN,2020-05-06,2020-05-06,0.1779,positive
"A Low-Cost, FAAMNG-Heavy ETF For May",2020-05-05 20:00:00-04:00,AMZN,2020-05-05,2020-05-05,0.0,neutral
"Webull Leverages Crisis To Spur Innovation, Financial Wellness",2020-05-05 20:00:00-04:00,AMZN,2020-05-05,2020-05-05,0.1027,positive
"Coronavirus Drives Surge In Online Grocery Penetration For Players Like Amazon Prime Now, Walmart",2020-05-05 20:00:00-04:00,AMZN,2020-05-05,2020-05-05,0.4939,positive
Amazon's Brokerage Operation Goes National,2020-05-05 20:00:00-04:00,AMZN,2020-05-05,2020-05-05,0.0,neutral
"eBay Reported An Amazing Quarter, But Is It Enough?",2020-05-05 20:00:00-04:00,AMZN,2020-05-05,2020-05-05,0.34,positive
Amazon Emerges As The Winner Of The COVID-19 Outbreak,2020-05-05 20:00:00-04:00,AMZN,2020-05-05,2020-05-05,0.6705,positive
A Recap Of Social Media Earnings,2020-05-05 20:00:00-04:00,AMZN,2020-05-05,2020-05-05,0.0,neutral
"GM, Disney, Beyond Meat Results In Focus, With GM And BYND Getting Early Lift",2020-05-05 20:00:00-04:00,AMZN,2020-05-05,2020-05-05,0.0,neutral
"Amid COVID Outbreak, Freighter Demand Boosts ATSG In Q1",2020-05-05 20:00:00-04:00,AMZN,2020-05-05,2020-05-05,0.2023,positive
"Stifel Downgrades Wayfair After Q1 Print, Says Coronavirus Sales Surge Will Dissipate",2020-05-04 20:00:00-04:00,AMZN,2020-05-04,2020-05-04,0.0,neutral
'An Amazon warehouse worker in New York has died of COVID-19' -The Verge,2020-05-04 20:00:00-04:00,AMZN,2020-05-04,2020-05-04,-0.4404,negative
"Charles Schwab Launches Fractional Shares, The Ability To Gift Stock",2020-05-04 20:00:00-04:00,AMZN,2020-05-04,2020-05-04,0.7506,positive
"Today's Pickup: Idelic Integrates Samsara ELD, Camera Data Into Platform",2020-05-04 20:00:00-04:00,AMZN,2020-05-04,2020-05-04,0.0,neutral
PreMarket Prep Stock Of The Day: Chegg Inc.,2020-05-04 20:00:00-04:00,AMZN,2020-05-04,2020-05-04,0.0,neutral
"U.S. Immigration And Customs Working With 3M, Amazon, Pfizer & Others To Curtail Imports Of Counterfeit Masks, Coronavirus Tests, Other Gear",2020-05-04 20:00:00-04:00,AMZN,2020-05-04,2020-05-04,0.1779,positive
"Retail Sector Preview: Pandemic Pits E-Commerce Giant Amazon Against Big Box Stores, Mall Outlets",2020-05-04 20:00:00-04:00,AMZN,2020-05-04,2020-05-04,0.1779,positive
"Disney, Beyond Meat And Video Game Makers All Set To Report As Firm Tone Continues",2020-05-04 20:00:00-04:00,AMZN,2020-05-04,2020-05-04,0.0,neutral
YouTube Signs Gamer PewDiePie To Exclusive Streaming Deal,2020-05-03 20:00:00-04:00,AMZN,2020-05-03,2020-05-04,0.128,positive
YouTube Signs Gamer PewDiePie to Live Streaming Deal,2020-05-03 20:00:00-04:00,AMZN,2020-05-03,2020-05-04,0.0,neutral
Amazon Plans To Extend Closure Of French Warehouses Until May 8,2020-05-03 20:00:00-04:00,AMZN,2020-05-03,2020-05-04,0.34,positive
"GM, Disney In Focus Along With Friday's Payrolls Data As Stocks Appear Shaky To Start New Week",2020-05-03 20:00:00-04:00,AMZN,2020-05-03,2020-05-04,-0.2263,negative
"4 Sector ETFs For May: 2 To Buy, 2 To Avoid",2020-05-03 20:00:00-04:00,AMZN,2020-05-03,2020-05-04,-0.296,negative
98 Biggest Movers From Friday,2020-05-03 20:00:00-04:00,AMZN,2020-05-03,2020-05-04,0.0,neutral
"Benzinga's Bulls And Bears Of The Week: Ford, Gilead, Microsoft, Intel And More",2020-05-02 20:00:00-04:00,AMZN,2020-05-02,2020-05-04,0.0,neutral
How Amazon Web Services Stacked Up Against Microsoft's Azure,2020-05-01 20:00:00-04:00,AMZN,2020-05-01,2020-05-01,0.1779,positive
"Warren Buffett Says There's No Bubble In FANG Stocks, But He's Still Not Buying",2020-05-01 20:00:00-04:00,AMZN,2020-05-01,2020-05-01,-0.1531,negative
"Amazon, Exxon Mobil Earnings Weigh On Market To Start New Month As Caution Steers The Wheel",2020-04-30 20:00:00-04:00,AMZN,2020-04-30,2020-04-30,0.1779,positive
Mid-Afternoon Market Update: Dow Tumbles Over 600 Points; International Money Express Shares Climb,2020-04-30 20:00:00-04:00,AMZN,2020-04-30,2020-04-30,0.296,positive
"Today's Pickup: Amazon, Walmart, Instacart Workers To Hold May Day Walkout",2020-04-30 20:00:00-04:00,AMZN,2020-04-30,2020-04-30,-0.1531,negative
"SunTrust Robinson Humphrey Maintains Buy on Amazon.com, Lowers Price Target to $2700",2020-04-30 20:00:00-04:00,AMZN,2020-04-30,2020-04-30,-0.128,negative
58 Stocks Moving In Friday's Mid-Day Session,2020-04-30 20:00:00-04:00,AMZN,2020-04-30,2020-04-30,0.0,neutral
Mid-Day Market Update: Hub Group Slides On Downbeat Q1 Results; Medigus Share Jump,2020-04-30 20:00:00-04:00,AMZN,2020-04-30,2020-04-30,0.296,positive
Amazon Analysts React To Q1 Earnings: Stock Sell-Off Is Short-Sighted,2020-04-30 20:00:00-04:00,AMZN,2020-04-30,2020-04-30,-0.128,negative
"JMP Securities Maintains Market Outperform on Amazon.com, Raises Price Target to $2850",2020-04-30 20:00:00-04:00,AMZN,2020-04-30,2020-04-30,0.296,positive
"UPDATE: Raymond James Maintains Outperform On Amazon, Raises Target To $2,525 As Firm Cites 4 Reasons:",2020-04-30 20:00:00-04:00,AMZN,2020-04-30,2020-04-30,0.1779,positive
"Canaccord Genuity Maintains Buy on Amazon.com, Raises Price Target to $2750",2020-04-30 20:00:00-04:00,AMZN,2020-04-30,2020-04-30,0.0,neutral
"Guggenheim Maintains Buy on Amazon.com, Raises Price Target to $2700",2020-04-30 20:00:00-04:00,AMZN,2020-04-30,2020-04-30,0.0,neutral
"UPDATE: Morgan Stanley On Amazon Notes 'Moreover, efficiency/scale gains are driving EBIT too, which AMZN is wisely investing in safety, a next competitive edge. PT to $2,600, Bull case $3,200. Remains top pick'",2020-04-30 20:00:00-04:00,AMZN,2020-04-30,2020-04-30,0.8807,positive
"UPDATE: Morgan Stanley Maintains Overweight On Amazon, Raises Target To $2,600 Notes 'Accelerating growth and consumer demand still outpacing AMZN's network capacity speak to the structural share gains afoot'",2020-04-30 20:00:00-04:00,AMZN,2020-04-30,2020-04-30,0.5994,positive
"Benchmark Maintains Buy on Amazon.com, Raises Price Target to $2650",2020-04-30 20:00:00-04:00,AMZN,2020-04-30,2020-04-30,0.0,neutral
"BMO Capital Maintains Outperform on Amazon.com, Raises Price Target to $2850",2020-04-30 20:00:00-04:00,AMZN,2020-04-30,2020-04-30,0.0,neutral
"UPDATE: Judiciary Panel Says Will Investigate Related To Amazon 'Possibly Criminally False, Perjurious' Statements By Co. About Business Practices",2020-04-30 20:00:00-04:00,AMZN,2020-04-30,2020-04-30,0.1779,positive
"UPDATE: Judiciary Panel Says Will Investigate Related To Amazon 'Possibly Criminally False, Perjurious' Statements By Co. About Business Practices",2020-04-30 20:00:00-04:00,AMZN,2020-04-30,2020-04-30,0.1779,positive
Morning Market Stats in 5 Minutes,2020-04-30 20:00:00-04:00,AMZN,2020-04-30,2020-04-30,0.0,neutral
UPDATE: House Judiciary Panel Wants To Know About Amazon's Private-Label Practices,2020-04-30 20:00:00-04:00,AMZN,2020-04-30,2020-04-30,0.0,neutral
Amazon Shares Largely Unaffected As House Judiciary Committee Has Called On Jeff Bezos To Testify After Co. Reportedly Mislead Congress,2020-04-30 20:00:00-04:00,AMZN,2020-04-30,2020-04-30,0.4404,positive
Mid-Morning Market Update: Markets Open Lower; Amazon Posts Mixed Q1 Results,2020-04-30 20:00:00-04:00,AMZN,2020-04-30,2020-04-30,-0.128,negative
"Disappointment From Amazon, Apple Weighs On Market As Investors Also Consider Energy Earnings",2020-04-30 20:00:00-04:00,AMZN,2020-04-30,2020-04-30,-0.128,negative
US Billionaires Add $406B To Collective Wealth While More Than 30M People Lose Jobs During Pandemic,2020-04-30 20:00:00-04:00,AMZN,2020-04-30,2020-04-30,0.128,positive
"UBS Maintains Buy on Amazon.com, Raises Price Target to $3000",2020-04-30 20:00:00-04:00,AMZN,2020-04-30,2020-04-30,0.0,neutral
"MKM Partners Maintains Buy on Amazon.com, Raises Price Target to $2525",2020-04-30 20:00:00-04:00,AMZN,2020-04-30,2020-04-30,0.0,neutral
10 Biggest Price Target Changes For Friday,2020-04-30 20:00:00-04:00,AMZN,2020-04-30,2020-04-30,0.0,neutral
"B of A Securities Reiterates Buy on Amazon.com, Raises Price Target to $2600",2020-04-30 20:00:00-04:00,AMZN,2020-04-30,2020-04-30,0.296,positive
"Credit Suisse Maintains Outperform on Amazon.com, Lowers Price Target to $2760",2020-04-30 20:00:00-04:00,AMZN,2020-04-30,2020-04-30,0.2732,positive
"Cramer Weighs In On Cracker Barrel, UPS And More",2020-04-30 20:00:00-04:00,AMZN,2020-04-30,2020-04-30,0.0,neutral
"Susquehanna Maintains Positive on Amazon.com, Raises Price Target to $3000",2020-04-30 20:00:00-04:00,AMZN,2020-04-30,2020-04-30,0.5574,positive
"Raymond James Maintains Outperform on Amazon.com, Raises Price Target to $2525",2020-04-30 20:00:00-04:00,AMZN,2020-04-30,2020-04-30,0.0,neutral
"Morgan Stanley Maintains Overweight on Amazon.com, Raises Price Target to $2600",2020-04-30 20:00:00-04:00,AMZN,2020-04-30,2020-04-30,-0.3612,negative
Amazon shares are trading lower after the company reported worse-than-expected Q1 EPS results. The company also expects to spend $4 billion on COVID-related expenses.,2020-04-30 20:00:00-04:00,AMZN,2020-04-30,2020-04-30,0.1779,positive
32 Stocks Moving in Friday's Pre-Market Session,2020-04-30 20:00:00-04:00,AMZN,2020-04-30,2020-04-30,0.0,neutral
"Pivotal Research Maintains Buy on Amazon.com, Raises Price Target to $2700",2020-04-30 20:00:00-04:00,AMZN,2020-04-30,2020-04-30,0.0,neutral
"Mizuho Maintains Buy on Amazon.com, Raises Price Target to $2550",2020-04-30 20:00:00-04:00,AMZN,2020-04-30,2020-04-30,0.0,neutral
"RBC Capital Maintains Outperform on Amazon.com, Raises Price Target to $2700",2020-04-30 20:00:00-04:00,AMZN,2020-04-30,2020-04-30,0.0,neutral
"KeyBanc Maintains Overweight on Amazon.com, Raises Price Target to $2700",2020-04-30 20:00:00-04:00,AMZN,2020-04-30,2020-04-30,-0.3612,negative
A Peek Into The Markets: US Stock Futures Point To A Lower Open,2020-04-30 20:00:00-04:00,AMZN,2020-04-30,2020-04-30,-0.296,negative
"8 Stocks To Watch For May 1, 2020",2020-04-30 20:00:00-04:00,AMZN,2020-04-30,2020-04-30,0.0,neutral
"Apple Has 'Better Days Ahead,' Analysts Say After Q1 Earnings Beat",2020-04-30 20:00:00-04:00,AMZN,2020-04-30,2020-04-30,0.4404,positive
"Fortnite World Cup 2020 Canceled, Hopes For Return Next Year",2020-04-29 20:00:00-04:00,AMZN,2020-04-29,2020-04-29,0.4215,positive
"Amazon Says Seeing More Use Of Prime Video Benefits, Says Video Rentals Have Been Up",2020-04-29 20:00:00-04:00,AMZN,2020-04-29,2020-04-29,0.5106,positive
Amazon Says Increased Grocery Delivery Capacity By More Than 60%,2020-04-29 20:00:00-04:00,AMZN,2020-04-29,2020-04-29,0.4215,positive
"Amazon Says Has Seen Lower Demand For Discretionary Products Such As Apparel, Shoes And Wireless Products",2020-04-29 20:00:00-04:00,AMZN,2020-04-29,2020-04-29,-0.25,negative
12 Stocks Moving In Thursday's After-Hours Session,2020-04-29 20:00:00-04:00,AMZN,2020-04-29,2020-04-29,0.0,neutral
From Amazon Earnings Conference Call: Saw Big Increase In Grocery Sales In Mar.,2020-04-29 20:00:00-04:00,AMZN,2020-04-29,2020-04-29,0.4588,positive
"From Amazon Earnings Conference Call: Large Portion Of $4B Will Be Spent On Impact To Productivity Of Social Distancing Practices In Warehouses, Increased Wages, Overtime For Workers",2020-04-29 20:00:00-04:00,AMZN,2020-04-29,2020-04-29,0.4215,positive
From Amazon Earnings Conference Call: Sees Investing $1B In Coronavirus-Testing Capability In 2020,2020-04-29 20:00:00-04:00,AMZN,2020-04-29,2020-04-29,0.1779,positive
3 Analyst Takes On eBay After 'Big Improvement' In Q1,2020-04-29 20:00:00-04:00,AMZN,2020-04-29,2020-04-29,0.4588,positive
"Amazon Reports Mixed Q1 Earnings, Plans To Spend $4B On Coronavirus-Related Expenses",2020-04-29 20:00:00-04:00,AMZN,2020-04-29,2020-04-29,0.1779,positive
"'If you're a shareowner of Amazon, you may want to take a seat,"" Jeff Bezos says in earnings release. We expect to spend $4 billion on COVID-related expenses.""' -Tweet From Bloomberg's Jon Erlichman",2020-04-29 20:00:00-04:00,AMZN,2020-04-29,2020-04-29,0.25,positive
"After Hours Stocks We're Watching: AMZN, WDC, AMGN, GILD, V, SKY, LOCO",2020-04-29 20:00:00-04:00,AMZN,2020-04-29,2020-04-29,0.0,neutral
Amazon shares are trading lower after the company reported worse-than-expected Q1 EPS results.,2020-04-29 20:00:00-04:00,AMZN,2020-04-29,2020-04-29,0.1779,positive
Amazon Sees Q2 Sales $75B-$81B,2020-04-29 20:00:00-04:00,AMZN,2020-04-29,2020-04-29,0.1779,positive
"Amazon.com Q1 EPS $5.010 Misses $6.250 Estimate, Sales $75.500B Beat $73.610B Estimate",2020-04-29 20:00:00-04:00,AMZN,2020-04-29,2020-04-29,-0.2263,negative
"Blue Origin, SpaceX Land NASA Deal",2020-04-29 20:00:00-04:00,AMZN,2020-04-29,2020-04-29,0.0,neutral
'Jeff Bezos and Elon Musk win contracts for spacecraft to land NASA astronauts on the moon',2020-04-29 20:00:00-04:00,AMZN,2020-04-29,2020-04-29,0.5859,positive
"Amazon shares are trading higher, potentially in anticipation of the company's Q1 earnings report after the close today. The coronavirus outbreak has been seen as a potential positive catalyst for online retailers due to physical store closings globally.",2020-04-29 20:00:00-04:00,AMZN,2020-04-29,2020-04-29,0.7845,positive
FaZe Clan's Ewok Partners With HyperX As Brand Ambassador,2020-04-29 20:00:00-04:00,AMZN,2020-04-29,2020-04-29,0.0,neutral
Morning Market Stats in 5 Minutes,2020-04-29 20:00:00-04:00,AMZN,2020-04-29,2020-04-29,0.0,neutral
"Apple And Amazon Up To Bat this Afternoon As Investors Ponder Microsoft, Facebook Results",2020-04-29 20:00:00-04:00,AMZN,2020-04-29,2020-04-29,0.1779,positive
"Express Shares Rebound From Session Low, Spike ~25% Following Circulation Of TheDeal.com Chatter Amazon Could Be Interested In Co.",2020-04-29 20:00:00-04:00,AMZN,2020-04-29,2020-04-29,0.5423,positive
"Citigroup Maintains Buy on Amazon.com, Raises Price Target to $2700",2020-04-29 20:00:00-04:00,AMZN,2020-04-29,2020-04-29,0.0,neutral
3 ETFs To Buy For Amazon's Earnings,2020-04-29 20:00:00-04:00,AMZN,2020-04-29,2020-04-29,0.0,neutral
A Peek Into The Markets: US Stock Futures Edge Higher Ahead Of Apple Earnings,2020-04-29 20:00:00-04:00,AMZN,2020-04-29,2020-04-29,0.0,neutral
"10 Stocks To Watch For April 30, 2020",2020-04-29 20:00:00-04:00,AMZN,2020-04-29,2020-04-29,0.0,neutral
"Earnings Scheduled For April 30, 2020",2020-04-29 20:00:00-04:00,AMZN,2020-04-29,2020-04-29,0.0,neutral
Twitch's New Esports Directory Will Highlight Live Tournaments,2020-04-28 20:00:00-04:00,AMZN,2020-04-28,2020-04-28,0.34,positive
"Overwatch Champion Sinatraa Retires From League, Joins Sentinels VALORANT Roster",2020-04-28 20:00:00-04:00,AMZN,2020-04-28,2020-04-28,0.5994,positive
Amazon Responds To 'Wrongful Inclusion' On Notorious Markets List,2020-04-28 20:00:00-04:00,AMZN,2020-04-28,2020-04-28,-0.296,negative
Today Pickup: Canadian Freight Recovers Off Lows,2020-04-28 20:00:00-04:00,AMZN,2020-04-28,2020-04-28,-0.2023,negative
PreMarket Prep Stock Of The Day: Blue Apron,2020-04-28 20:00:00-04:00,AMZN,2020-04-28,2020-04-28,0.0,neutral
"Locked Down, Demand Up: Amazon Shines As Virus Economy Plays To Its Strengths",2020-04-28 20:00:00-04:00,AMZN,2020-04-28,2020-04-28,0.5994,positive
"US Places 5 Amazon Foreign Web Sites On List Of Platforms Blamed For Facilitating Piracy, Action Being Sought By US Apparel, Footwear Trade Group",2020-04-28 20:00:00-04:00,AMZN,2020-04-28,2020-04-28,-0.34,negative
Ford Terminates Electric Vehicle Program With Rivian,2020-04-28 20:00:00-04:00,AMZN,2020-04-28,2020-04-28,0.0,neutral
"Alphabet, Boeing Shares Get A Lift Following Earnings, While GE Falls Short",2020-04-28 20:00:00-04:00,AMZN,2020-04-28,2020-04-28,0.296,positive
"Amazon, NFL Report Renewal Of Exclusive Multi-Year Partnership To Delivery Live Digital Stream Of Thursday Night Football, Will Stream 11 Thursday Night Football Games By FOX",2020-04-28 20:00:00-04:00,AMZN,2020-04-28,2020-04-28,0.296,positive
AT&T Is Hoping HBO Max Will Turn The Tide,2020-04-28 20:00:00-04:00,AMZN,2020-04-28,2020-04-28,0.4215,positive
Amazon Bought Cameras to Take Temperatures of Workers from U.S. Blacklisted China's Zhejiang Dahua Technology Co,2020-04-28 20:00:00-04:00,AMZN,2020-04-28,2020-04-28,0.1779,positive
Three High-Quality Companies To Bet On In A Post-Coronavirus World,2020-04-28 20:00:00-04:00,AMZN,2020-04-28,2020-04-28,0.0,neutral
Poland Plans to Introduce a 1.5% Surcharge on the Revenue of Video-on-demand Platforms Such as Netflix,2020-04-28 20:00:00-04:00,AMZN,2020-04-28,2020-04-28,0.0,neutral
Zoom Uses Oracle's Cloud Computing Services To Handle Demand Surge During Pandemic,2020-04-28 20:00:00-04:00,AMZN,2020-04-28,2020-04-28,-0.128,negative
"Netflix Working On 'Social Distance,' A New Show From The Maker Of 'Orange Is The New Black'",2020-04-27 20:00:00-04:00,AMZN,2020-04-27,2020-04-27,0.0,neutral
UPS Faces Mix/Margin Challenges As COVID-19 Skews Shipping Choices,2020-04-27 20:00:00-04:00,AMZN,2020-04-27,2020-04-27,0.0772,positive
A Coronavirus Department Store Pair Trade Idea To Mitigate Risk,2020-04-27 20:00:00-04:00,AMZN,2020-04-27,2020-04-27,-0.2732,negative
Oscar Organizers To Allow Films Released On Streaming Platforms To Be Eligible For 2021 Academic Awards,2020-04-27 20:00:00-04:00,AMZN,2020-04-27,2020-04-27,0.5994,positive
"Amazon, Walmart Shares Unaffected Following Earlier Article From The Intercept 'As Amazon, Walmart, Others Profit Amid Coronavirus Crisis, Their Essential Workers Plan Unprecedented Strike'",2020-04-27 20:00:00-04:00,AMZN,2020-04-27,2020-04-27,0.2263,positive
"Amazon shares are trading lower. Weakness potentially related to selloff following recent momentum, reopening of physical stores in some US states and potential US anti-competition investigation into co.",2020-04-27 20:00:00-04:00,AMZN,2020-04-27,2020-04-27,-0.2732,negative
"UPDATE: Feinseth Also Notes Anticompetition Concerns With Allegations Of Co. Potentially Using Sales Data To Create Preferred Pricing, Mentions News Of Judiciary Committee Calling For Investigation Into Co.",2020-04-27 20:00:00-04:00,AMZN,2020-04-27,2020-04-27,0.2732,positive
UPDATE: Feinseth Tells Benzinga 'There are also concerns that the results may not be strong enough and could be risk to guidance that could cause a selloff when the company reports its results after the close on Thursday',2020-04-27 20:00:00-04:00,AMZN,2020-04-27,2020-04-27,-0.5862,negative
Tigress Financial Analyst Ivan Feinseth On Amazon Weakness Notes 'The stock has had an incredible run making new all-time highs in a difficult market' as Co. 'has benefited from being the place to go to during the shelter in place lockdown',2020-04-27 20:00:00-04:00,AMZN,2020-04-27,2020-04-27,-0.5574,negative
Blue Chip Stocks Resisting COVID-19,2020-04-27 20:00:00-04:00,AMZN,2020-04-27,2020-04-27,0.0,neutral
"Earnings Feast: Bring a Plate With Healthcare and Caterpillar in Morning, GOOGL And AMD Later",2020-04-27 20:00:00-04:00,AMZN,2020-04-27,2020-04-27,0.0,neutral
Amazon Introduces One-Year Free Subscription For Its Food Network Kitchen App,2020-04-27 20:00:00-04:00,AMZN,2020-04-27,2020-04-27,0.6124,positive
"Amazon May Have Violated Labor And Whistleblower Laws, New York Preliminary Investigation Says",2020-04-27 20:00:00-04:00,AMZN,2020-04-27,2020-04-27,-0.4019,negative
Seeing Reports Of Sheeting Investigation Outside Amazon Fulfillment Center,2020-04-27 20:00:00-04:00,AMZN,2020-04-27,2020-04-27,0.1779,positive
Senator Josh Hawley Is Requesting the DOJ Open a Criminal Antitrust Investigation Into Amazon,2020-04-27 20:00:00-04:00,AMZN,2020-04-27,2020-04-27,-0.4019,negative
New York AG Raises Concerns about Amazon's Pandemic Safety Practices,2020-04-27 20:00:00-04:00,AMZN,2020-04-27,2020-04-27,0.4215,positive
"'Fast Money' Traders Share Their Thoughts On Alibaba, Peloton And More",2020-04-26 20:00:00-04:00,AMZN,2020-04-26,2020-04-27,0.296,positive
3 Sector ETFs For This Week's Earnings Parade,2020-04-26 20:00:00-04:00,AMZN,2020-04-26,2020-04-27,0.0,neutral
Amazon Statement Shows Co. Extends Closure Of French Warehouses Til May 5,2020-04-26 20:00:00-04:00,AMZN,2020-04-26,2020-04-27,0.296,positive
Will COVID-19 Accelerate The Adoption Of Autonomous Vehicles?,2020-04-26 20:00:00-04:00,AMZN,2020-04-26,2020-04-27,0.0,neutral
"SunTrust Robinson Humphrey Maintains Buy on Amazon.com, Raises Price Target to $2770",2020-04-26 20:00:00-04:00,AMZN,2020-04-26,2020-04-27,0.0,neutral
"Apple And Amazon Earnings, Fed Meeting Among Highlights In Busy Week Ahead",2020-04-26 20:00:00-04:00,AMZN,2020-04-26,2020-04-27,0.1779,positive
As Expected: Fed Keeps Rates Unchanged and Forecasts Years Of Dovish Policy,2020-06-10 16:20:19-04:00,META,2020-06-10,2020-06-10,0.0,neutral
"Facebook, Snap Analyst Projects Q2 Revenue Upside For Social Media Stocks",2020-06-10 15:25:13-04:00,META,2020-06-10,2020-06-10,0.0,neutral
Tech Stocks And FAANGS Strong Again To Start Day As Market Awaits Fed,2020-06-10 11:33:26-04:00,META,2020-06-10,2020-06-10,0.5574,positive
Big Tech Reaches New Record Heights At The Stock Market,2020-06-10 00:52:01-04:00,META,2020-06-10,2020-06-10,0.0516,positive
"Twitter, Square Will Mark Juneteenth As Holiday To Honor African-American Culture",2020-06-10 00:28:00-04:00,META,2020-06-10,2020-06-10,0.7096,positive
Afternoon Market Stats in 5 Minutes,2020-06-09 12:14:26-04:00,META,2020-06-09,2020-06-09,0.0,neutral
Facebook shares are trading higher despite market weakness. Not currently seeing company-specific news.,2020-06-09 12:09:42-04:00,META,2020-06-09,2020-06-09,0.5472,positive
"IRS Alerts Against Criminals Profiteering From Fake Coronavirus Treatments, Charities, Phishing, Other Financial Fraud",2020-06-09 11:36:51-04:00,META,2020-06-09,2020-06-09,-0.8402,negative
Morning Market Stats in 5 Minutes,2020-06-09 10:08:00-04:00,META,2020-06-09,2020-06-09,0.0,neutral
"Facebook-Backed Jio Platforms Gets $750M From Abu Dhabi Sovereign Fund As It Looks To Challenge Amazon, Walmart In India",2020-06-08 05:54:23-04:00,META,2020-06-08,2020-06-08,0.25,positive
4 Blue Chips That Lived Up To Their Title During the Pandemic,2020-06-01 20:00:00-04:00,META,2020-06-01,2020-06-01,0.0,neutral
"How Cameo, Facebook And Peloton Are Embracing Coronavirus Disruption",2020-06-01 20:00:00-04:00,META,2020-06-01,2020-06-01,-0.3612,negative
"Trump, Instagram Influencers Use Protests Against Police Brutality As Photo Ops",2020-06-01 20:00:00-04:00,META,2020-06-01,2020-06-01,-0.7096,negative
MoneyGram Shares Jump 50% As Western Union Reportedly Looks For Acquisition,2020-06-01 20:00:00-04:00,META,2020-06-01,2020-06-01,0.296,positive
"Facebook Employees Stage Virtual Walkout, Ask Trump's Posts Be Policed",2020-06-01 20:00:00-04:00,META,2020-06-01,2020-06-01,-0.3182,negative
'Facebook Employees Stage Virtual Walkout to Protest Trump Posts' -Breaking New York Times Report,2020-05-31 20:00:00-04:00,META,2020-05-31,2020-06-01,-0.5106,negative
How Social Media Stocks Fared During The Pandemic,2020-05-31 20:00:00-04:00,META,2020-05-31,2020-06-01,0.0,neutral
The 'Real' S&P 500 And Why The Current Rally Makes Sense,2020-05-31 20:00:00-04:00,META,2020-05-31,2020-06-01,0.0,neutral
"Apple Pays Hacker From India $100,000 For Discovering Serious 'Sign In With Apple' Vulnerability",2020-05-31 20:00:00-04:00,META,2020-05-31,2020-06-01,-0.296,negative
Trump Had A 'Productive' Call With Facebook CEO Day After He Signed Executive Order Targeting Social Media: Report,2020-05-31 20:00:00-04:00,META,2020-05-31,2020-06-01,0.0,neutral
"Costco Shares Come Under Pressure Despite Strong Earnings, Same-Store Sales",2020-05-28 20:00:00-04:00,META,2020-05-28,2020-05-28,-0.4023,negative
"'Facebook takes on Twitter with Venue, a 'second screen' companion for live events' -Techcrunch",2020-05-28 20:00:00-04:00,META,2020-05-28,2020-05-28,0.0,neutral
Trump Signs Executive Order To End Social Media Legal Immunity For Third-Party Content,2020-05-28 20:00:00-04:00,META,2020-05-28,2020-05-28,0.128,positive
White House Says Trump Signs Executive Order On Social Media,2020-05-27 20:00:00-04:00,META,2020-05-27,2020-05-27,0.0,neutral
"Trump Says He Expects Legal Challenges To Executive Order, But Assumes Administration Will Do Well In Them",2020-05-27 20:00:00-04:00,META,2020-05-27,2020-05-27,0.4678,positive
"Barr Says Executive Order Does Not Repeal Section 230 Of Communications Law; Trump Says Administration May Seek To Remove, Change Section 230 In Legislation",2020-05-27 20:00:00-04:00,META,2020-05-27,2020-05-27,0.0,neutral
U.S. AG Barr Says Trump Administration Is Preparing Legislative Proposal On Social Media Companies,2020-05-27 20:00:00-04:00,META,2020-05-27,2020-05-27,0.0,neutral
"Trump Says He Is Directing Attorney General To Cooperate With States To Enforce Their Own Laws Against Social Media Companies, Says Companies Are Tantamount To A Monopoly, Says He Will Pursue Legislation In Addition To His Executive Order",2020-05-27 20:00:00-04:00,META,2020-05-27,2020-05-27,0.0,neutral
Trump Says Executive Order On Social Media Companies Will Mean They No Longer Have A Liability Shield,2020-05-27 20:00:00-04:00,META,2020-05-27,2020-05-27,-0.4588,negative
"Trump Says Choices Twitter Makes When It Chooses To Edit And Blacklist Are Editorial Positions, Says What Twitter Chooses TO Fact Check Or Ignore Is Nothing More Than Political Activism",2020-05-27 20:00:00-04:00,META,2020-05-27,2020-05-27,-0.3612,negative
"Facebook CEO Mark Zuckerberg Talks Working From Home, Fact-Checking Trump",2020-05-27 20:00:00-04:00,META,2020-05-27,2020-05-27,0.0,neutral
"Trump Says Will Host Press Event In ~20 Mins, Would Indicate Around 3:40 p.m. EDT",2020-05-27 20:00:00-04:00,META,2020-05-27,2020-05-27,0.0,neutral
"Zuckerberg Says Company Will Have To Watch Hong Kong Situation Closely, Hopes Will Be Able To Continue Services There Long-Term",2020-05-27 20:00:00-04:00,META,2020-05-27,2020-05-27,0.4215,positive
Zuckerberg Says Facebook Policies Allow For Stronger Free Expression,2020-05-27 20:00:00-04:00,META,2020-05-27,2020-05-27,0.7783,positive
"Facebook's Zuckerberg Notes Facebook Has Different Policies Than Twitter, Says Its Not Right To Do Fact Checks For Politicians",2020-05-27 20:00:00-04:00,META,2020-05-27,2020-05-27,0.0,neutral
"'Executive order on social media should be issued by 5pm today, says @PressSec.' -Tweet From Voice Of America's Steve Herman",2020-05-27 20:00:00-04:00,META,2020-05-27,2020-05-27,0.0,neutral
"UPDATE: Facebook Says 'Moving forward, we will verify the identity of people who have a pattern of inauthentic behavior on Facebook...We want people to feel confident that they understand who's behind the content they're seeing'",2020-05-27 20:00:00-04:00,META,2020-05-27,2020-05-27,0.5423,positive
Facebook Posts Blog Post Titled 'Verifying the Identity of People Behind High-Reach Profiles',2020-05-27 20:00:00-04:00,META,2020-05-27,2020-05-27,0.0,neutral
"Tigress Financial's Ivan Feinseth Says Doesn't Think Trump's Social Media Order Will Come To Fruition, Notes Stocks 'Pretty Much Are Ignoring It'",2020-05-27 20:00:00-04:00,META,2020-05-27,2020-05-27,0.128,positive
Trump's Executive Order To Expose Social Media To Lawsuits Over Content Policies,2020-05-27 20:00:00-04:00,META,2020-05-27,2020-05-27,-0.296,negative
Costco Earnings On Tap After Close As Investors Mull Strong Toll Brothers Results,2020-05-27 20:00:00-04:00,META,2020-05-27,2020-05-27,0.5106,positive
'This will be a Big Day for Social Media and FAIRNESS!' -Trump Tweet,2020-05-27 20:00:00-04:00,META,2020-05-27,2020-05-27,0.0,neutral
"Tech Companies Aren't 'State Actors,' Judge Dismisses Conservative Bias Lawsuit Against Facebook, Twitter, Google, Apple",2020-05-27 20:00:00-04:00,META,2020-05-27,2020-05-27,-0.3182,negative
Facebook's Zuckerberg Sees Travel As Having Ongoing Issues For 'Some Time',2020-05-27 20:00:00-04:00,META,2020-05-27,2020-05-27,0.0,neutral
"Facebook Shares At Pre-Market Low, Down 1.8%, As CEO Mark Zuckerberg Begins Interview On CNBC",2020-05-27 20:00:00-04:00,META,2020-05-27,2020-05-27,0.0258,neutral
"Trump To Sign Executive Order On Social Media Today, Day After Twitter Spat",2020-05-26 20:00:00-04:00,META,2020-05-26,2020-05-26,0.0,neutral
Facebook CEO Mark Zuckerberg To Appear On CNBC Thursday At 6:00 a.m. ET,2020-05-26 20:00:00-04:00,META,2020-05-26,2020-05-26,0.0,neutral
White House Says President Trump Will Sign an Executive Order on Social Media Companies,2020-05-26 20:00:00-04:00,META,2020-05-26,2020-05-26,0.0,neutral
"Shares of several social media companies are trading lower after US President Trump said he may 'strongly regulate' or close them down due to political bias. Weakness also potentially related to US business reopenings, which has been a negative catalyst for virtual communication stocks.",2020-05-26 20:00:00-04:00,META,2020-05-26,2020-05-26,-0.7003,negative
"Twitter, Facebook Win Appeal On Alleged Anti-Conservative Bias",2020-05-26 20:00:00-04:00,META,2020-05-26,2020-05-26,0.5267,positive
Facebook Rebrands Cryptocurrency Wallet Subsidiary Calibra,2020-05-26 20:00:00-04:00,META,2020-05-26,2020-05-26,0.0,neutral
Same Old Leadership Song Lifts These Leveraged ETFs,2020-05-26 20:00:00-04:00,META,2020-05-26,2020-05-26,0.0,neutral
"Trump On Twitter Says 'Republicans feel that Social Media Platforms totally silence conservatives voices. We will strongly regulate, or close them down, before we can ever allow this to happen.'",2020-05-26 20:00:00-04:00,META,2020-05-26,2020-05-26,0.4588,positive
Facebook Ignored Internal Research Showing It Encourages Polarization And Extreme Views,2020-05-26 20:00:00-04:00,META,2020-05-26,2020-05-26,0.1531,positive
"Trump Gets Mad Over Fact Check Warning On Twitter, Claims Election Interference",2020-05-26 20:00:00-04:00,META,2020-05-26,2020-05-26,-0.6808,negative
Facebook's Internal Research Showed Its Algorithms Were Causing Increased Polarization Among Users; Facebook Explored Changes To Address The Problem But Largely Abandoned The Effort,2020-05-25 20:00:00-04:00,META,2020-05-25,2020-05-26,-0.6486,negative
Stocks That Hit 52-Week Highs On Tuesday,2020-05-25 20:00:00-04:00,META,2020-05-25,2020-05-26,0.0,neutral
"'FAANG Stocks Are Strong Once Again,' Facebook, Amazon, Netflix Hit Record Highs Last Week",2020-05-25 20:00:00-04:00,META,2020-05-25,2020-05-26,0.6124,positive
"Facebook ""is giving U.S. staffers who are approved to work remotely until Jan. 1, 2021 to update the company on where they plan to base themselves, at which point their salaries will be adjusted to reflect the local cost of living."" -Reuters Report",2020-05-21 20:00:00-04:00,META,2020-05-21,2020-05-21,0.6369,positive
The Secret to Tech's Resilience to COVID-19- Infrastructure Expansion,2020-05-21 20:00:00-04:00,META,2020-05-21,2020-05-21,0.0,neutral
"KKR To Invest $1.5B In India's Jio Platforms, Joins Facebook, Three Other US Firms As Stakeholders",2020-05-21 20:00:00-04:00,META,2020-05-21,2020-05-21,0.0,neutral
"Facebook To Expand Remote Working, Looking For Talent In New Locations",2020-05-20 20:00:00-04:00,META,2020-05-20,2020-05-20,0.6249,positive
COVID-19 Has Dimmed The Magic Of e-Commerce,2020-05-20 20:00:00-04:00,META,2020-05-20,2020-05-20,0.0,neutral
"Facebook's Zuckerberg Says Co. To Build 3 Hubs In Atlanta, Dallas, Denver",2020-05-20 20:00:00-04:00,META,2020-05-20,2020-05-20,0.0,neutral
"Facebook To Shift Toward Substantially Remote Workforce Over The Next Decade, Zuckerberg Says",2020-05-20 20:00:00-04:00,META,2020-05-20,2020-05-20,0.0,neutral
"Facebook Expects Eventually About Half Of Employees Will Work From Home, Zuckerberg Says",2020-05-20 20:00:00-04:00,META,2020-05-20,2020-05-20,0.0,neutral
Facebook's Mark Zuckerberg Says Co. Is Aggresively Opening Remote Hiring,2020-05-20 20:00:00-04:00,META,2020-05-20,2020-05-20,0.0,neutral
3 Ways Small Businesses Can Get Emergency Help Right Now,2020-05-20 20:00:00-04:00,META,2020-05-20,2020-05-20,0.0258,neutral
Stocks That Hit 52-Week Highs On Thursday,2020-05-20 20:00:00-04:00,META,2020-05-20,2020-05-20,0.0,neutral
A Look Into Facebook's Price Over Earnings,2020-05-20 20:00:00-04:00,META,2020-05-20,2020-05-20,0.0,neutral
"Stifel Maintains Buy on Facebook, Raises Price Target to $260",2020-05-20 20:00:00-04:00,META,2020-05-20,2020-05-20,0.0,neutral
Climate Change: Up And Down Pattern Continues As Week Advances And Powell Awaited,2020-05-20 20:00:00-04:00,META,2020-05-20,2020-05-20,-0.0258,neutral
"UPDATE: Shopify COO Discussing Partnership With Facebook; Shares Indicated Higher On Very Light Volume, Not Seeing Last Trade Recently",2020-05-20 20:00:00-04:00,META,2020-05-20,2020-05-20,0.296,positive
"Mark Zuckerberg Says Electoral Interference Is Like 'Arms Race,' Admits Facebook Wasn't Prepared For 2016 Election",2020-05-20 20:00:00-04:00,META,2020-05-20,2020-05-20,0.465,positive
Mastercard Employees Can Work From Home Until Pandemic Is Under Control,2020-05-20 20:00:00-04:00,META,2020-05-20,2020-05-20,0.0,neutral
"Shopify To Offer Merchant Accounts, Announces Payment Support For Installment Plans",2020-05-20 20:00:00-04:00,META,2020-05-20,2020-05-20,0.4019,positive
"Sheryl Sandberg Announces $20M Facebook Donation for Women, Minority And Veteran-Owned Businesses",2020-05-20 20:00:00-04:00,META,2020-05-20,2020-05-20,0.0,neutral
Facebook's New Shopping Feature Lifts Stock To All-Time Highs,2020-05-19 20:00:00-04:00,META,2020-05-19,2020-05-19,0.0,neutral
Facebook shares are trading higher on continued strength after the company announced the launch of its Facebook Shops e-commerce platform.,2020-05-19 20:00:00-04:00,META,2020-05-19,2020-05-19,0.6597,positive
Stocks That Hit 52-Week Highs On Wednesday,2020-05-19 20:00:00-04:00,META,2020-05-19,2020-05-19,0.0,neutral
"'Philippines proposes tax on Netflix, Facebook ads, Lazada purchases amid coronavirus pandemic' -SCMB Report",2020-05-19 20:00:00-04:00,META,2020-05-19,2020-05-19,0.0,neutral
Facebook Plans To Resume Work In Office In July At 25% Capacity And Safety Measures In Place,2020-05-19 20:00:00-04:00,META,2020-05-19,2020-05-19,0.4215,positive
What We Know About Facebook Shops,2020-05-18 20:00:00-04:00,META,2020-05-18,2020-05-18,0.0,neutral
UPDATE: Facebook's New 'Shop' Feature To Be 'Powered By Shopify',2020-05-18 20:00:00-04:00,META,2020-05-18,2020-05-18,0.0,neutral
Facebook Launches New Commerce Product Called 'Shops,2020-05-18 20:00:00-04:00,META,2020-05-18,2020-05-18,0.0,neutral
Study: More Harassment Seen In LGBT Online Dating,2020-05-17 20:00:00-04:00,META,2020-05-17,2020-05-18,-0.5849,negative
Why Boeing's Stock Is Trading Higher Today,2020-05-17 20:00:00-04:00,META,2020-05-17,2020-05-18,0.0,neutral
Facebook shares are trading higher amid general stock market strength and after Saudi Arabia's sovereign wealth fund acquired approximately $500M of Facebook shares.,2020-05-17 20:00:00-04:00,META,2020-05-17,2020-05-18,0.8689,positive
A Peek Into The Markets: US Stock Futures Up; Dow Futures Surge Over 300 Points,2020-05-17 20:00:00-04:00,META,2020-05-17,2020-05-18,0.0,neutral
"Facebook Acquires Giphy, Reportedly For $400M",2020-05-17 20:00:00-04:00,META,2020-05-17,2020-05-18,0.0,neutral
"5 Stocks To Watch For May 18, 2020",2020-05-17 20:00:00-04:00,META,2020-05-17,2020-05-18,0.0,neutral
"General Atlantic To Invest $871M In India's Jio Platform, Joining Facebook, Vista, Silver Lake As Stakeholders",2020-05-17 20:00:00-04:00,META,2020-05-17,2020-05-18,0.0,neutral
"Saudi Arabia On A Pandemic Bargain Hunt, Buys Shares in Facebook, Disney, Boeing, Others",2020-05-17 20:00:00-04:00,META,2020-05-17,2020-05-18,0.4588,positive
"Q1 13F Roundup: How Buffett, Einhorn, Ackman And Others Adjusted Their Portfolios",2020-05-15 20:00:00-04:00,META,2020-05-15,2020-05-15,0.0,neutral
13F From Appaloosa Shows Cut Stake In Facebook From 2.825M Shares To 2.413M Shares,2020-05-14 20:00:00-04:00,META,2020-05-14,2020-05-14,0.3182,positive
"Hedge Fund Duquesne 13F Shows Increased Stakes In Facebook, Alibaba, Netflix, Amazon, Google, Alnylman",2020-05-14 20:00:00-04:00,META,2020-05-14,2020-05-14,0.4215,positive
'SCOOP: Facebook to buy Giphy for $400 million' - Axios,2020-05-14 20:00:00-04:00,META,2020-05-14,2020-05-14,0.0,neutral
Quick Retreat: Impressive Thursday Turnaround Halted in Its Tracks Amid Fresh Trade Tiff,2020-05-14 20:00:00-04:00,META,2020-05-14,2020-05-14,0.7506,positive
3 ETFs With Big-Time Shopify Exposure,2020-05-14 20:00:00-04:00,META,2020-05-14,2020-05-14,0.0,neutral
Singapore State Investor Temasek Joins Facebook's Libra Cryptocurrency Project,2020-05-14 20:00:00-04:00,META,2020-05-14,2020-05-14,0.0,neutral
Zoom Rival Facebook's Messenger Rooms Goes Live Worldwide,2020-05-14 20:00:00-04:00,META,2020-05-14,2020-05-14,0.0,neutral
Apple Confirms Acquisition Of Virtual Reality Startup NextVR,2020-05-13 20:00:00-04:00,META,2020-05-13,2020-05-13,0.0,neutral
TikTok Has Taken Over: Here Are The Big Money Players Behind The Social Media App,2020-05-13 20:00:00-04:00,META,2020-05-13,2020-05-13,0.0,neutral
'Facebook's social Zoom competitor Messenger Rooms goes live globally' -Tech Crunch,2020-05-13 20:00:00-04:00,META,2020-05-13,2020-05-13,0.0,neutral
Amazon Calls For Federal Law Against Price Gouging During National Crises,2020-05-13 20:00:00-04:00,META,2020-05-13,2020-05-13,0.1779,positive
Apple Plans To Bring Employees Back To Office Even As Tech Peers Hold Off,2020-05-12 20:00:00-04:00,META,2020-05-12,2020-05-12,0.0,neutral
"Facebook Removed 9.6M Posts For Hate Speech In Q1, Warns Of Coronavirus Impact On Content Moderation",2020-05-12 20:00:00-04:00,META,2020-05-12,2020-05-12,-0.6249,negative
A Peek Into The Markets: US Stock Futures Up Ahead Of Fed's Powell Speech,2020-05-12 20:00:00-04:00,META,2020-05-12,2020-05-12,0.0,neutral
Twitter Will Allow Employees To Work From Home For As Long As They Want,2020-05-12 20:00:00-04:00,META,2020-05-12,2020-05-12,0.296,positive
Facebook To Pay $52M In Settlement With Content Moderators Who Suffered Mental Injuries,2020-05-11 20:00:00-04:00,META,2020-05-11,2020-05-11,-0.5574,negative
"Caution Ahead: Biggest Blue-Chips Seek Change, Innovation Post-COVID-19",2020-05-11 20:00:00-04:00,META,2020-05-11,2020-05-11,0.3818,positive
"Twitter To Remove Coronavirus Misinformation, Including That Tweeted By Trump",2020-05-11 20:00:00-04:00,META,2020-05-11,2020-05-11,-0.3182,negative
"Along With Dramatic Jobs Data, Investors Scrutinize Recent Earnings From Uber, Square",2020-05-07 20:00:00-04:00,META,2020-05-07,2020-05-07,0.0,neutral
Google Employees To Work From Home Through 2020 With Few Exceptions,2020-05-07 20:00:00-04:00,META,2020-05-07,2020-05-07,0.0,neutral
"Vista Equity Invests $1.5B In India's Jio Platforms, Joining Facebook, Silver Lake As Stakeholders",2020-05-07 20:00:00-04:00,META,2020-05-07,2020-05-07,0.0,neutral
Facebook Will Allow Most Employees To Work From Home Through End Of 2020,2020-05-06 20:00:00-04:00,META,2020-05-06,2020-05-06,0.2263,positive
Crisis Email Marketing For Small Businesses During Coronavirus - Useful Tools And Best Practices,2020-05-06 20:00:00-04:00,META,2020-05-06,2020-05-06,0.4588,positive
"Facebook's Oversight Board Members Include Nobel Laureate, Former Denmark PM",2020-05-06 20:00:00-04:00,META,2020-05-06,2020-05-06,0.0,neutral
'Cramer: Coronavirus could propel plant-based Beyond Meat into a giant like Amazon or Facebook' -CNBC Article,2020-05-06 20:00:00-04:00,META,2020-05-06,2020-05-06,0.4939,positive
"A Low-Cost, FAAMNG-Heavy ETF For May",2020-05-05 20:00:00-04:00,META,2020-05-05,2020-05-05,0.0,neutral
A Recap Of Social Media Earnings,2020-05-05 20:00:00-04:00,META,2020-05-05,2020-05-05,0.0,neutral
US Investors Forced Out Of Telegram Cryptocurrency Project Due To Regulatory Hurdles,2020-05-04 20:00:00-04:00,META,2020-05-04,2020-05-04,-0.4588,negative
3 ETFs For Disney Earnings,2020-05-04 20:00:00-04:00,META,2020-05-04,2020-05-04,0.0,neutral
"Server Orders to be Strong in H2 Due to Demand from FaceBook, Microsoft",2020-05-03 20:00:00-04:00,META,2020-05-03,2020-05-04,0.4215,positive
"Silver Lake To Invest $748M In India's Jio Platforms, Weeks After Facebook's $5.7B Investment",2020-05-03 20:00:00-04:00,META,2020-05-03,2020-05-04,0.0,neutral
Will Consumers Return To Restaurants After Learning How To Cook At Home?,2020-05-01 20:00:00-04:00,META,2020-05-01,2020-05-01,0.0,neutral
"Warren Buffett Says There's No Bubble In FANG Stocks, But He's Still Not Buying",2020-05-01 20:00:00-04:00,META,2020-05-01,2020-05-01,-0.1531,negative
"Amazon, Exxon Mobil Earnings Weigh On Market To Start New Month As Caution Steers The Wheel",2020-04-30 20:00:00-04:00,META,2020-04-30,2020-04-30,0.1779,positive
Facebook Shares Tick Lower Amid Report Co. Warned Over Audit Of Advertising Measurement,2020-04-30 20:00:00-04:00,META,2020-04-30,2020-04-30,-0.2732,negative
Morning Market Stats in 5 Minutes,2020-04-30 20:00:00-04:00,META,2020-04-30,2020-04-30,0.0,neutral
Andreessen Horowitz Creates Second Cryptocurrency Fund With $515M Investment,2020-04-30 20:00:00-04:00,META,2020-04-30,2020-04-30,0.2732,positive
72 Biggest Movers From Yesterday,2020-04-30 20:00:00-04:00,META,2020-04-30,2020-04-30,0.0,neutral
7 Times Elon Musk Wasn't Afraid To Speak His Mind,2020-04-29 20:00:00-04:00,META,2020-04-29,2020-04-29,0.0,neutral
"Benzinga's Top Upgrades, Downgrades For April 30, 2020",2020-04-29 20:00:00-04:00,META,2020-04-29,2020-04-29,0.2023,positive
61 Stocks Moving In Thursday's Mid-Day Session,2020-04-29 20:00:00-04:00,META,2020-04-29,2020-04-29,0.0,neutral
"Canaccord Genuity Maintains Buy on Facebook, Raises Price Target to $250",2020-04-29 20:00:00-04:00,META,2020-04-29,2020-04-29,0.0,neutral
"SunTrust Robinson Humphrey Maintains Buy on Facebook, Raises Price Target to $245",2020-04-29 20:00:00-04:00,META,2020-04-29,2020-04-29,0.0,neutral
"UPDATE: Mizuho On Facebook Notes 'In addition, underlying usage was strong, especially for video streaming like FB Live and Watch, and Mobile Messaging, which are strategically positive, supporting our LT thesis for under-monetized assets'",2020-04-29 20:00:00-04:00,META,2020-04-29,2020-04-29,0.9186,positive
"UPDATE: Mizuho Maintains Buy On Facebook, Raises Target To $245 Notes 'The COVID-19 impact was clearly negative for advertising, but trends in April are much better, at flat YoY, than our agency checks at mid-teens decline'",2020-04-29 20:00:00-04:00,META,2020-04-29,2020-04-29,0.5187,positive
"UPDATE: JMP Securities Maintains Market Outperform On Facebook, Raises Target To $250 Believes Co. 'is well positioned to take share of ad budgets during and after COVID-19'",2020-04-29 20:00:00-04:00,META,2020-04-29,2020-04-29,0.6705,positive
"UPDATE: Rosenblatt Maintains Buy On Facebook, Raises Target To $244 Notes 'While staying cautious NT on ecommerce/ad spend trends' Firm Remains 'confident FB will emerge stronger on the other end with more advertising and ecommerce market share'",2020-04-29 20:00:00-04:00,META,2020-04-29,2020-04-29,0.765,positive
Wall Street Weighs In On Facebook's Big Quarter: Innovation Accelerates Amid Pandemic,2020-04-29 20:00:00-04:00,META,2020-04-29,2020-04-29,0.3818,positive
"Guggenheim Maintains Buy on Facebook, Raises Price Target to $245",2020-04-29 20:00:00-04:00,META,2020-04-29,2020-04-29,0.0,neutral
Morning Market Stats in 5 Minutes,2020-04-29 20:00:00-04:00,META,2020-04-29,2020-04-29,0.0,neutral
"Apple And Amazon Up To Bat this Afternoon As Investors Ponder Microsoft, Facebook Results",2020-04-29 20:00:00-04:00,META,2020-04-29,2020-04-29,0.1779,positive
"Nomura Instinet Maintains Buy on Facebook, Raises Price Target to $260",2020-04-29 20:00:00-04:00,META,2020-04-29,2020-04-29,0.0,neutral
"UBS Maintains Buy on Facebook, Raises Price Target to $242",2020-04-29 20:00:00-04:00,META,2020-04-29,2020-04-29,0.0,neutral
Thursday's Market Minute: Stocks Rally As GDP Plummets,2020-04-29 20:00:00-04:00,META,2020-04-29,2020-04-29,0.0,neutral
"Oppenheimer Maintains Outperform on Facebook, Raises Price Target to $240",2020-04-29 20:00:00-04:00,META,2020-04-29,2020-04-29,0.0,neutral
Facebook Expects To Scale Its Headcount To Support Growth Initiatives Related To Coronavirus Pandemic,2020-04-29 20:00:00-04:00,META,2020-04-29,2020-04-29,0.6486,positive
"Credit Suisse Maintains Outperform on Facebook, Raises Price Target to $258",2020-04-29 20:00:00-04:00,META,2020-04-29,2020-04-29,0.3818,positive
"Stifel Maintains Buy on Facebook, Raises Price Target to $245",2020-04-29 20:00:00-04:00,META,2020-04-29,2020-04-29,0.0,neutral
"Morgan Stanley Maintains Overweight on Facebook, Raises Price Target to $230",2020-04-29 20:00:00-04:00,META,2020-04-29,2020-04-29,-0.3612,negative
"B of A Securities Reiterates Buy on Facebook, Raises Price Target to $240",2020-04-29 20:00:00-04:00,META,2020-04-29,2020-04-29,0.296,positive
"Mizuho Maintains Buy on Facebook, Raises Price Target to $245",2020-04-29 20:00:00-04:00,META,2020-04-29,2020-04-29,0.0,neutral
"MKM Partners Maintains Buy on Facebook, Raises Price Target to $240",2020-04-29 20:00:00-04:00,META,2020-04-29,2020-04-29,0.0,neutral
10 Biggest Price Target Changes For Thursday,2020-04-29 20:00:00-04:00,META,2020-04-29,2020-04-29,0.0,neutral
"Raymond James Reiterates Strong Buy on Facebook, Raises Price Target to $240",2020-04-29 20:00:00-04:00,META,2020-04-29,2020-04-29,0.5106,positive
"JMP Securities Maintains Market Outperform on Facebook, Raises Price Target to $250",2020-04-29 20:00:00-04:00,META,2020-04-29,2020-04-29,0.296,positive
"Rosenblatt Maintains Buy on Facebook, Raises Price Target to $244",2020-04-29 20:00:00-04:00,META,2020-04-29,2020-04-29,0.0,neutral
Facebook shares are trading higher after the company reported better-than-expected Q1 sales results and Q1 daily active users were up 11% year over year.,2020-04-29 20:00:00-04:00,META,2020-04-29,2020-04-29,0.5994,positive
9 Communication Services Stocks Moving In Thursday's Pre-Market Session,2020-04-29 20:00:00-04:00,META,2020-04-29,2020-04-29,0.0,neutral
35 Stocks Moving in Thursday's Pre-Market Session,2020-04-29 20:00:00-04:00,META,2020-04-29,2020-04-29,0.0,neutral
"Baird Maintains Outperform on Facebook, Raises Price Target to $240",2020-04-29 20:00:00-04:00,META,2020-04-29,2020-04-29,0.0,neutral
"Pivotal Research Upgrades Facebook to Hold, Raises Price Target to $225",2020-04-29 20:00:00-04:00,META,2020-04-29,2020-04-29,0.0,neutral
A Peek Into The Markets: US Stock Futures Edge Higher Ahead Of Apple Earnings,2020-04-29 20:00:00-04:00,META,2020-04-29,2020-04-29,0.0,neutral
"10 Stocks To Watch For April 30, 2020",2020-04-29 20:00:00-04:00,META,2020-04-29,2020-04-29,0.0,neutral
Munster Says Still 'Neutral' On Facebook's Long-Term Outlook Despite Impressive Q1 Results,2020-04-29 20:00:00-04:00,META,2020-04-29,2020-04-29,-0.4023,negative
13 Stocks Moving In Wednesday's After-Hours Session,2020-04-28 20:00:00-04:00,META,2020-04-28,2020-04-28,0.0,neutral
From Facebook Earnings Conference Call: Sees Signs Of Stability In Ad Business In Apr.,2020-04-28 20:00:00-04:00,META,2020-04-28,2020-04-28,0.0,neutral
From Facebook Earnings Conference Call: Zuckerberg Says Coronavirus Will Have A Significant Impact On Business,2020-04-28 20:00:00-04:00,META,2020-04-28,2020-04-28,0.2023,positive
"Facebook Reports Q1 Sales Beat, Users Up 10%",2020-04-28 20:00:00-04:00,META,2020-04-28,2020-04-28,0.0,neutral
Facebook shares are trading higher after the company reported better-than-expected Q1 sales results and Q1 daily active users were up 11% year over year.,2020-04-28 20:00:00-04:00,META,2020-04-28,2020-04-28,0.5994,positive
"Facebook Q1 EPS $1.710 Misses $1.740 Estimate, Sales $17.737B Beat $17.480B Estimate",2020-04-28 20:00:00-04:00,META,2020-04-28,2020-04-28,-0.2263,negative
"Facebook Q1 Daily Active Users 1.73B, Up 11% Year Over Year, Monthly Active Users 2.6B, Up 10% YoY",2020-04-28 20:00:00-04:00,META,2020-04-28,2020-04-28,0.6597,positive
Facebook shares are trading higher potentially in anticipation of the company's earnings after the close. NOTE: Peer social media company Snap recently reported strong user numbers growth from last quarter.,2020-04-28 20:00:00-04:00,META,2020-04-28,2020-04-28,0.8176,positive
Morning Market Stats in 5 Minutes,2020-04-28 20:00:00-04:00,META,2020-04-28,2020-04-28,0.0,neutral
"BMO Capital Maintains Market Perform on Facebook, Raises Price Target to $190",2020-04-28 20:00:00-04:00,META,2020-04-28,2020-04-28,0.0,neutral
"Alphabet, Boeing Shares Get A Lift Following Earnings, While GE Falls Short",2020-04-28 20:00:00-04:00,META,2020-04-28,2020-04-28,0.296,positive
Mike Khouw Sees Unusual Activity In Facebook,2020-04-28 20:00:00-04:00,META,2020-04-28,2020-04-28,0.0,neutral
Loup Ventures' Munster On Alphabet's Q1: 'Hats Off To Them' For Ad Performance,2020-04-28 20:00:00-04:00,META,2020-04-28,2020-04-28,0.0,neutral
"Benzinga Pro's Top 5 Stocks To Watch For Wed., Apr. 29, 2020: FB, IBM, SHOP, MNST, MYOS",2020-04-28 20:00:00-04:00,META,2020-04-28,2020-04-28,0.2023,positive
11 Communication Services Stocks Moving In Wednesday's Pre-Market Session,2020-04-28 20:00:00-04:00,META,2020-04-28,2020-04-28,0.0,neutral
"A Peek Into The Markets: US Stock Futures Rise Ahead Of Earnings, Fed Decision",2020-04-28 20:00:00-04:00,META,2020-04-28,2020-04-28,0.0,neutral
Facebook Would Have Rough Time With Regulators in Trying to Acquire Zoom,2020-04-28 20:00:00-04:00,META,2020-04-28,2020-04-28,0.0,neutral
"Earnings Scheduled For April 29, 2020",2020-04-28 20:00:00-04:00,META,2020-04-28,2020-04-28,0.0,neutral
"10 Stocks To Watch For April 29, 2020",2020-04-28 20:00:00-04:00,META,2020-04-28,2020-04-28,0.0,neutral
Blue Chip Stocks Resisting COVID-19,2020-04-27 20:00:00-04:00,META,2020-04-27,2020-04-27,0.0,neutral
4 Geared ETFs for Alphabet Earnings,2020-04-27 20:00:00-04:00,META,2020-04-27,2020-04-27,0.0,neutral
"Facebook To Release Q1 Earnings: Focus On Ad Revenue, User Data, Jio Investment",2020-04-26 20:00:00-04:00,META,2020-04-26,2020-04-27,0.0,neutral
"Apple And Amazon Earnings, Fed Meeting Among Highlights In Busy Week Ahead",2020-04-26 20:00:00-04:00,META,2020-04-26,2020-04-27,0.1779,positive
"Facebook Rolls Out Messenger Rooms, Co-Opts Zoom and Houseparty's Features",2020-04-26 20:00:00-04:00,META,2020-04-26,2020-04-27,0.0,neutral
Large Facebook Option Trader Betting On Earnings Sell-Off,2020-04-24 20:00:00-04:00,META,2020-04-24,2020-04-24,0.0,neutral
"Forget Facebook, Snapchat, Twitter: TikTok Is The Breakout COVID-19 Social Media Platform",2020-04-23 20:00:00-04:00,META,2020-04-23,2020-04-23,-0.2263,negative
Match Shares Tick Lower On Volume Uptick As Traders Circulate Verge Article Highlighting Facebook Will Add Video Calls To Its Facebook Dating Service; BZ NOTE: Facebook Dating Has Been Around Since Mid-To-Late 2019,2020-04-23 20:00:00-04:00,META,2020-04-23,2020-04-23,0.2808,positive
"Facebook Shares At Session High, Company Announced They Are Rolling Out Video Meetings For Up To 50 Participants",2020-04-23 20:00:00-04:00,META,2020-04-23,2020-04-23,0.296,positive
Google Announces Further Hiring And Marketing Budget Cuts,2020-04-23 20:00:00-04:00,META,2020-04-23,2020-04-23,-0.296,negative
"McDonald's, Starbucks, Subway Part Of China's Central Digital Currency Pilot: Report",2020-04-23 20:00:00-04:00,META,2020-04-23,2020-04-23,0.0,neutral
"With NHL Season On Ice, League Launches Esports Challenge: 'Extremely Fun To Watch'",2020-04-22 20:00:00-04:00,META,2020-04-22,2020-04-22,0.5984,positive
Eli Lilly Kicks Off Earnings Day With A Beat And Investors Prepare For Intel After Close,2020-04-22 20:00:00-04:00,META,2020-04-22,2020-04-22,0.0,neutral
Zoom Unveils Version 5 With Updated Security Measures Following Backlash,2020-04-21 20:00:00-04:00,META,2020-04-21,2020-04-21,0.34,positive
PreMarket Prep Stock Of The Day: Facebook,2020-04-21 20:00:00-04:00,META,2020-04-21,2020-04-21,0.0,neutral
Morning Market Stats in 5 Minutes,2020-04-21 20:00:00-04:00,META,2020-04-21,2020-04-21,0.0,neutral
Facebook Bowed Down To Vietnamese Censorship After Local Servers Brought Down: Reuters,2020-04-21 20:00:00-04:00,META,2020-04-21,2020-04-21,0.0,neutral
11 Communication Services Stocks Moving In Wednesday's Pre-Market Session,2020-04-21 20:00:00-04:00,META,2020-04-21,2020-04-21,0.0,neutral
"Shares of several social media and internet communication companies are trading higher, potentially in sympathy with Snap, which reported strong Q1 financial results and user engagement numbers.",2020-04-21 20:00:00-04:00,META,2020-04-21,2020-04-21,0.875,positive
Facebook Invests $5.7B In One Of India's Largest Internet Services Companies,2020-04-21 20:00:00-04:00,META,2020-04-21,2020-04-21,0.0,neutral
YouTube Sued By Cryptocurrency Firm For Allegedly Allowing Giveaway Scams,2020-04-21 20:00:00-04:00,META,2020-04-21,2020-04-21,-0.5859,negative
Afternoon Market Stats in 5 Minutes,2020-04-20 20:00:00-04:00,META,2020-04-20,2020-04-20,0.0,neutral
"UBS Maintains Buy on Facebook, Lowers Price Target to $223",2020-04-20 20:00:00-04:00,META,2020-04-20,2020-04-20,-0.128,negative
"Shares of several communication companies are trading lower with the overall market on continued downward momentum after oil prices fell to historic lows, partially stemming from weak demand caused by the coronavirus pandemic.",2020-04-20 20:00:00-04:00,META,2020-04-20,2020-04-20,-0.6369,negative
"Mizuho Maintains Buy on Facebook, Lowers Price Target to $220",2020-04-20 20:00:00-04:00,META,2020-04-20,2020-04-20,-0.128,negative
3 ETFs For Netflix Earnings,2020-04-20 20:00:00-04:00,META,2020-04-20,2020-04-20,0.0,neutral
Here's How Much Investing $100 In The 2017 Snap IPO Would Be Worth Today,2020-04-19 20:00:00-04:00,META,2020-04-19,2020-04-20,0.2263,positive
"Making Most Of Lockdowns, Facebook Gaming Launches Earlier Than Planned",2020-04-19 20:00:00-04:00,META,2020-04-19,2020-04-20,0.0,neutral
"Credit Suisse Maintains Outperform on Facebook, Lowers Price Target to $234",2020-04-19 20:00:00-04:00,META,2020-04-19,2020-04-20,0.2732,positive
"'Facebook to Introduce an App for Gaming' -Weekend Article From NY Times, Others",2020-04-19 20:00:00-04:00,META,2020-04-19,2020-04-20,0.0,neutral
"Bulls And Bears Of The Week: Caterpillar, Facebook, Microsoft And More",2020-04-18 20:00:00-04:00,META,2020-04-18,2020-04-20,0.0,neutral
"Gene Munster Dismisses Goldman's Apple Downgrade, Says Cupertino Has Long-Term Earnings Power",2020-04-16 20:00:00-04:00,META,2020-04-16,2020-04-16,0.0,neutral
"Shares of several communications and media companies are trading higher as equities gain amid a report suggesting Gilead Sciences' Remdesivir drug showed some effectiveness in treating the coronavirus. This has raised hopes of a sooner return to spending, economic activity, and investment.",2020-04-16 20:00:00-04:00,META,2020-04-16,2020-04-16,0.8126,positive
"Big Stocks Moving After Hours As Market Cheers Gilead, 'Reopening' Updates",2020-04-15 20:00:00-04:00,META,2020-04-15,2020-04-15,0.4767,positive
S&P 500 Futures Up 3.2% After Hours; Many Other Stocks Moving Higher With Futures; Investors Reacting Favorably To White Phase Guidelines On Reopening Economy,2020-04-15 20:00:00-04:00,META,2020-04-15,2020-04-15,0.3818,positive
Facebook Revamps Proposed Cryptocurrency Libra,2020-04-15 20:00:00-04:00,META,2020-04-15,2020-04-15,0.0,neutral
Mark Zuckerberg Says Canceling Any Large Physical Events Co Had Planned With 50 Or More People Through June 2021,2020-04-15 20:00:00-04:00,META,2020-04-15,2020-04-15,0.0,neutral
Mark Zuckerberg Says Will Require Vast Majority Of Co's Employees To Work From Home Through At Least The End Of May,2020-04-15 20:00:00-04:00,META,2020-04-15,2020-04-15,0.0,neutral
Switzerland's Financial Market Supervisor Says Received Application From Facebook's Libra Association For Payment System License,2020-04-15 20:00:00-04:00,META,2020-04-15,2020-04-15,0.0,neutral
Overstock.com Shares Spike ~6% On Volume Uptick; May Be Related To Report Facebook Considering Multiple Single-Currency Coins,2020-04-15 20:00:00-04:00,META,2020-04-15,2020-04-15,0.296,positive
"Hearing Facebook Will Revamp Libra, Is Planning Multiple Single-Currency Coins",2020-04-15 20:00:00-04:00,META,2020-04-15,2020-04-15,0.0,neutral
"MKM Partners Maintains Buy on Facebook, Lowers Price Target to $200",2020-04-15 20:00:00-04:00,META,2020-04-15,2020-04-15,-0.128,negative
"'$GOOGL, $FB on Watch as Barry Diller Sees 80% Drop in Ad Spend' -Tweet",2020-04-15 20:00:00-04:00,META,2020-04-15,2020-04-15,-0.2732,negative
Software Rises Above Semiconductors And Hardware As Tech Heads Into Earnings Season,2020-04-14 20:00:00-04:00,META,2020-04-14,2020-04-14,0.0,neutral
"Amazon, Facebook Spokespeople Say Jeff Bezos, Mark Zuckerberg Joined White House Committee Call On Coronavirus Wed.",2020-04-14 20:00:00-04:00,META,2020-04-14,2020-04-14,0.1779,positive
Every Member Of Trump's 'Great American Economic Revival' Industry Groups,2020-04-14 20:00:00-04:00,META,2020-04-14,2020-04-14,0.6249,positive
'World Health Organization Launches Messenger Experience to Help Deliver Accurate Information on COVID-19' -From Facebook Messenger Newsroom Earlier Tues.,2020-04-13 20:00:00-04:00,META,2020-04-13,2020-04-13,0.4019,positive
"PayPal, Intuit, Square Get Approval To Give Loans To Small Businesses As Part Of $2T Federal Coronavirus Relief Package",2020-04-13 20:00:00-04:00,META,2020-04-13,2020-04-13,0.7351,positive
Facebook Option Traders Make $1M Bets On Multi-Year Rally,2020-04-12 20:00:00-04:00,META,2020-04-12,2020-04-13,0.0,neutral
Shares of several communication services companies are trading lower amid continued uncertainty around the coronavirus.,2020-04-12 20:00:00-04:00,META,2020-04-12,2020-04-13,-0.34,negative
"Barron's Picks And Pans: Berkshire Hathaway, Disney, SoftBank And More",2020-04-11 20:00:00-04:00,META,2020-04-11,2020-04-13,0.0,neutral
Why The Next Major Social Networks May Exist In Video Games,2020-04-08 20:00:00-04:00,META,2020-04-08,2020-04-08,0.0,neutral
Facebook To Report Q1 Results Wed. Apr. 29 After The Close,2020-04-08 20:00:00-04:00,META,2020-04-08,2020-04-08,0.0,neutral
Communications Services Sector Earnings: When Staying In Becomes The Trend,2020-04-08 20:00:00-04:00,META,2020-04-08,2020-04-08,0.0,neutral
Will FANG Lead The Market Rebound?,2020-04-08 20:00:00-04:00,META,2020-04-08,2020-04-08,0.0,neutral
Google Gets Federal Approval To Operate Under Sea Cable Between US and Taiwan To Boost Network Capacity,2020-04-07 20:00:00-04:00,META,2020-04-07,2020-04-07,0.7003,positive
P/E Ratio Insights for Facebook,2020-04-07 20:00:00-04:00,META,2020-04-07,2020-04-07,0.0,neutral
The Show Must Go On – Event Industry Rising To The Challenge Of COVID-19,2020-04-07 20:00:00-04:00,META,2020-04-07,2020-04-07,0.0772,positive
Hearing Facebook Will Introduce A Limit On WhatsApp Messages Being Forwarded,2020-04-07 20:00:00-04:00,META,2020-04-07,2020-04-07,0.0,neutral
"IVP, Sapphire Ventures Lead $100M Series E In CircleCI's Leading Software Solution",2020-04-06 20:00:00-04:00,META,2020-04-06,2020-04-06,0.3182,positive
Here's How Long It Took Facebook To Reach A $100B Market Cap,2020-04-06 20:00:00-04:00,META,2020-04-06,2020-04-06,0.0258,neutral
Facebook Gaming Launches New Tournaments Feature,2020-04-06 20:00:00-04:00,META,2020-04-06,2020-04-06,0.0,neutral
Facebook Surveys Users To Help Researchers Identify Coronavirus Clusters,2020-04-06 20:00:00-04:00,META,2020-04-06,2020-04-06,0.4019,positive
Shares of several semiconductor and large technology stocks are trading higher with the broader market on optimism that coronavirus cases in several US hotspots appear to be reaching their peak.,2020-04-05 20:00:00-04:00,META,2020-04-05,2020-04-06,0.7579,positive
Apple To Make 1M Face Shields Per Week For Coronavirus Health Workers,2020-04-04 20:00:00-04:00,META,2020-04-04,2020-04-06,0.0,neutral
"Barron's Picks And Pans: Post-Pandemic Ideas, Safe Dividends And More",2020-04-03 20:00:00-04:00,META,2020-04-03,2020-04-03,0.4404,positive
"Facebook shares are trading lower. Movement appears market related, as equities move lower for the session amid continued coronavirus-related volatility.",2020-04-02 20:00:00-04:00,META,2020-04-02,2020-04-02,-0.296,negative
Facebook Announces $40M In Grants For Small US Businesses Affected By Coronavirus,2020-04-02 20:00:00-04:00,META,2020-04-02,2020-04-02,0.0772,positive
"A Peek Into The Markets: US Stock Futures Down, All Eyes On Jobs Report",2020-04-02 20:00:00-04:00,META,2020-04-02,2020-04-02,0.0,neutral
"Facebook Plans To Hire 10,000 Employees By The End Of The Year",2020-04-02 20:00:00-04:00,META,2020-04-02,2020-04-02,0.0,neutral
Coronavirus Outbreak Updated: Keep Up With The Latest Headlines,2020-04-01 20:00:00-04:00,META,2020-04-01,2020-04-01,0.0,neutral
P/E Ratio Insights for Facebook,2020-04-01 20:00:00-04:00,META,2020-04-01,2020-04-01,0.0,neutral
"Facebook To Launch New Messenger Desktop App For Group Video Calls, Chats",2020-04-01 20:00:00-04:00,META,2020-04-01,2020-04-01,0.0,neutral
Credit Suisse Compiles List Of Corporations With Most And Least Cash,2020-04-01 20:00:00-04:00,META,2020-04-01,2020-04-01,0.3818,positive
"Hearing Some Users Reporting Facebook's WhatsApp, Instagram Down",2020-03-31 20:00:00-04:00,META,2020-03-31,2020-03-31,0.0,neutral
How Amazon And Other Tech Giants Are Helping Us Through Coronavirus,2020-03-30 20:00:00-04:00,META,2020-03-30,2020-03-30,0.4404,positive
Why Facebook Is More Important Than Ever During COVID-19 Pandemic,2020-03-30 20:00:00-04:00,META,2020-03-30,2020-03-30,0.2716,positive
"Zoom Shares Drop As New York Attorney General Looks Into Company's Privacy, Security Practices",2020-03-30 20:00:00-04:00,META,2020-03-30,2020-03-30,0.3612,positive
Ad Sales Decrease With Covid-19 But Digital Holds The Key,2020-03-29 20:00:00-04:00,META,2020-03-29,2020-03-30,0.0,neutral
"Morgan Stanley Maintains Overweight on Facebook, Lowers Price Target to $185",2020-03-29 20:00:00-04:00,META,2020-03-29,2020-03-30,-0.4588,negative
"Shares of several media, streaming and videogame companies are trading higher as markets continue to rebound following last week's US stimulus. NOTE: Trump extended social distancing guidelines, which is a potential positive for at-home entertainment.",2020-03-29 20:00:00-04:00,META,2020-03-29,2020-03-30,0.8225,positive
"UBS Maintains Buy on Facebook, Lowers Price Target to $226",2020-03-29 20:00:00-04:00,META,2020-03-29,2020-03-30,-0.128,negative
Mark Zuckerberg And Priscilla Chan Donate $25M To Gates Foundation Coronavirus Accelerator,2020-03-29 20:00:00-04:00,META,2020-03-29,2020-03-30,0.0,neutral
"For Some Companies, A Sliver Of Good News During COVID-19",2020-03-26 20:00:00-04:00,META,2020-03-26,2020-03-26,0.4404,positive
"Regional Banks, Other Cyclicals Saw Buying Interest Yesterday Amid Stimulus Hopes",2020-03-26 20:00:00-04:00,META,2020-03-26,2020-03-26,0.7003,positive
10 Stocks To Buy With Low Debt And High Liquidity,2020-03-26 20:00:00-04:00,META,2020-03-26,2020-03-26,-0.5574,negative
Facebook Appoints Robert M. Kimmitt as Lead Independent Director,2020-03-25 20:00:00-04:00,META,2020-03-25,2020-03-25,0.0,neutral
Ally Strategist Says Fed Doing The Right Thing With Markets In Turmoil: 'A Shot In The Arm',2020-03-25 20:00:00-04:00,META,2020-03-25,2020-03-25,-0.3612,negative
"Citigroup Maintains Buy on Facebook, Lowers Price Target to $195",2020-03-25 20:00:00-04:00,META,2020-03-25,2020-03-25,-0.128,negative
Airbnb Asks Banks To Extend $1B Credit Facility Due To Coronavirus Impact: Report,2020-03-25 20:00:00-04:00,META,2020-03-25,2020-03-25,0.5106,positive
Tim Cook Announces Apple 10M Masks Donation To US Health Workers,2020-03-24 20:00:00-04:00,META,2020-03-24,2020-03-24,0.0,neutral
Pentagon Decided To Re-Evaluate The JEDI Contract And Amazon Is Not Giving Up,2020-03-24 20:00:00-04:00,META,2020-03-24,2020-03-24,-0.0864,negative
COVID-19 Crisis Could Make Big Tech Even Stronger,2020-03-24 20:00:00-04:00,META,2020-03-24,2020-03-24,-0.3612,negative
"US Attorney Generals In 32 States Tell Amazon, Walmart, Facebook, eBay To Take More Action To Stop Coronavirus Price Gouging",2020-03-24 20:00:00-04:00,META,2020-03-24,2020-03-24,-0.1935,negative
